claim_id,policy_id,claim_number,edad,zona,anios_vehiculo,cobertura,historial_siniestros,tipo_uso,severidad,severidad_esperada_real
1,9,1,29,5,14,0,1,1,4433.688778726388,11150.61575469762
2,11,1,48,4,7,0,0,0,3579.68921255527,9276.59648104672
3,14,1,61,4,7,1,0,1,4795.235855581451,13296.4186032912
4,18,1,25,4,3,2,0,1,8081.880600788936,18164.96467537078
5,18,2,25,4,3,2,0,1,8610.168138320367,18164.96467537078
6,20,1,43,3,6,0,2,1,19827.95994854781,8293.687813027842
7,41,1,27,3,13,0,0,0,5256.54980959789,9020.454501679225
8,52,1,29,4,2,2,4,0,16300.04447743271,17948.28776087006
9,58,1,26,3,17,2,2,0,13492.092558472628,17948.28776087009
10,63,1,38,5,6,1,0,0,14449.664288102796,15112.084488687642
11,64,1,73,5,15,0,0,2,11713.943237789179,13111.565732196494
12,68,1,39,3,2,2,0,0,6458.899097895094,14991.670112492284
13,73,1,44,2,6,0,0,1,8962.08486523626,7504.439066736405
14,74,1,25,5,17,1,1,0,10199.513282879258,17244.525331510835
15,78,1,30,5,10,1,0,0,9206.31622443645,15855.155586315179
16,80,1,56,4,10,0,1,0,6984.462057448264,9616.637977614208
17,95,1,69,5,6,1,1,1,20270.685938038125,15112.084488687642
18,97,1,31,5,19,1,1,1,10769.701068072683,17663.40033368609
19,101,1,65,5,9,1,1,1,14164.29504370319,15666.030737862866
20,103,1,63,5,12,1,0,1,17423.339078167377,16240.282355712054
21,123,1,55,4,1,0,2,1,8546.324667788009,8632.159633587491
22,143,1,33,3,11,0,2,1,8460.310138622952,8806.540825510823
23,160,1,62,4,14,0,2,2,4656.571872833176,11722.320049708742
24,162,1,55,1,10,0,1,1,6566.774852431879,7124.180635516386
25,163,1,41,3,19,1,2,1,6938.938283187629,13349.710791023594
26,174,1,59,4,13,2,4,1,6687.6262814648535,20480.940480531146
27,185,1,46,5,3,2,2,1,14494.760862162708,21747.411109848224
28,188,1,39,2,12,2,1,0,9123.73043660654,14118.62321114021
29,195,1,72,5,17,1,2,1,75516.50922773484,17244.525331510835
30,197,1,37,4,19,2,0,0,32367.493925425435,22009.95213885567
31,198,1,24,5,2,0,2,1,12776.54124987314,9655.181565308612
32,201,1,38,2,9,0,0,0,5344.103558981476,7779.520633167196
33,203,1,46,5,15,1,1,1,13070.393437172645,16835.583652712285
34,222,1,43,1,7,1,0,1,30895.396329759442,8736.369558222228
35,226,1,35,4,6,0,4,1,5553.80560314318,9165.942574556786
36,230,1,28,1,0,1,0,1,7944.286748517999,8032.491236627475
37,236,1,59,4,10,2,2,0,46756.9080553008,19756.740435949912
38,236,2,59,4,10,2,2,0,11406.860765273594,19756.740435949912
39,247,1,61,2,0,2,1,0,11411.587961875015,12225.142857990617
40,266,1,51,2,9,0,1,1,6621.11511638308,7779.520633167196
41,267,1,43,2,12,0,4,0,4252.105164445498,8064.685547269543
42,269,1,52,2,6,0,1,1,9879.566337547973,7504.439066736405
43,270,1,51,5,11,0,1,0,5006.908958773224,10756.333254129051
44,271,1,34,5,5,0,4,0,13183.539588394797,10009.100418608576
45,271,2,34,5,5,0,4,0,10897.093833574538,10009.100418608576
46,280,1,22,5,0,2,1,1,29550.819816944906,20978.42903550213
47,284,1,45,3,16,2,0,1,13700.512615064308,17734.195430821725
48,287,1,27,4,17,2,1,0,22884.132463704485,21488.001745620342
49,307,1,35,4,3,0,2,0,13365.060260120717,8841.837535169914
50,312,1,56,1,6,2,1,1,4346.397285444876,10973.625599636809
51,314,1,34,2,9,1,0,0,4552.127731224262,10293.315675437725
52,326,1,31,1,7,0,1,0,8135.273736182665,6872.271699071312
53,328,1,20,3,10,0,1,0,11762.140909068714,8701.493877850995
54,334,1,65,2,18,1,0,2,12339.091053796757,13323.0380510724
55,361,1,66,3,11,2,1,1,23812.732772314524,16701.436288399727
56,368,1,36,4,0,1,1,1,8610.942894784803,12225.142857990617
57,376,1,23,3,6,0,0,1,14313.049308771944,8293.687813027842
58,393,1,38,4,7,2,0,1,15741.535460765394,19058.147892404617
59,406,1,46,1,8,2,0,0,6296.16818496698,11240.178453864659
60,407,1,42,2,10,0,2,1,14819.18945831639,7873.437253490392
61,407,2,42,2,10,0,2,1,10665.585996590677,7873.437253490392
62,409,1,71,2,12,0,1,1,5411.811446232981,8064.685547269543
63,411,1,27,4,2,2,0,1,12177.556228856469,17948.28776087006
64,414,1,25,1,10,1,1,1,10834.408650243344,9056.608579636397
65,415,1,19,2,8,0,2,0,3811.1950700744146,7686.7242772582385
66,429,1,19,2,3,0,0,0,7422.646025006229,7239.084303762823
67,436,1,25,1,0,0,3,1,4950.291336602054,6318.581400504115
68,436,2,25,1,0,0,3,1,6112.668664786284,6318.581400504115
69,441,1,73,3,8,0,0,1,2402.5226449907946,8495.144126491869
70,461,1,59,5,9,1,0,1,8177.4514610070855,15666.030737862866
71,463,1,60,1,18,1,0,0,9852.87266625134,9969.1439830804
72,473,1,42,4,12,1,0,0,21653.856929526028,14118.62321114021
73,476,1,62,1,3,1,0,0,6659.940506568797,8326.929002336978
74,493,1,60,1,19,2,4,1,16406.048915849253,12826.261143753285
75,528,1,26,5,4,1,1,0,5614.666744991755,14753.712130959919
76,542,1,21,5,13,1,2,1,11039.919767280948,16436.339735576883
77,551,1,63,5,6,1,0,0,15152.500123816373,15112.084488687642
78,555,1,74,5,2,1,0,2,13900.76127836842,16734.872586128775
79,557,1,59,4,8,2,1,1,25221.18466029581,19288.223359014166
80,562,1,20,5,13,2,0,0,18301.176578254624,24520.137556356232
81,568,1,32,2,19,1,0,1,8708.751931904537,11605.68101636866
82,585,1,41,3,10,2,1,0,20322.733042531247,16502.216760733514
83,614,1,39,5,10,0,1,1,6798.343382413192,10628.02862252103
84,625,1,52,5,12,0,1,0,5680.453544499287,10886.1868163127
85,627,1,37,2,10,0,0,1,8740.031947431651,7873.437253490392
86,628,1,38,4,19,1,2,0,7769.509210723822,15355.822545236037
87,631,1,60,1,1,1,0,1,15247.899199429103,8129.461791150284
88,646,1,36,5,4,0,1,0,3086.6760009459085,9889.708994821636
89,654,1,63,4,4,0,0,1,6528.688540613279,8948.578752001418
90,655,1,49,2,7,0,1,1,15972.836280882315,7595.03482292793
91,659,1,22,1,3,1,0,1,21220.248247871717,8326.929002336978
92,687,1,41,4,19,2,3,0,17994.365023514336,22009.95213885567
93,690,1,62,2,7,2,4,1,20977.068250041677,13296.4186032912
94,701,1,47,3,8,2,1,1,21211.81651231767,16110.878402831602
95,708,1,50,4,14,2,0,0,13597.662976878122,20728.192310261038
96,709,1,45,4,4,0,0,0,9946.378346878832,8948.578752001418
97,713,1,59,4,15,0,0,0,5465.044930181954,10211.297659526826
98,723,1,66,1,10,2,1,0,4191.81150056414,11513.205961656337
99,724,1,24,1,10,1,1,1,10273.742160327405,9056.608579636397
100,726,1,24,1,3,0,0,0,7675.06746874907,6550.1943503613975
101,727,1,59,4,15,0,0,1,4573.295774895741,10211.297659526826
102,728,1,22,5,13,1,1,0,13062.443741213774,16436.339735576883
103,730,1,55,5,1,2,2,1,9505.619053536348,21231.686690775234
104,733,1,70,2,17,0,0,0,5711.720297101081,8563.37785048697
105,736,1,56,4,8,1,2,1,9099.19306285947,13456.936809554429
106,737,1,59,1,0,0,1,0,8163.871436341295,6318.581400504115
107,752,1,26,4,15,1,0,0,9556.244877733547,14636.153296230952
108,754,1,71,2,11,1,0,1,4527.905852793903,10543.343585342616
109,756,1,42,4,5,0,2,1,20003.259894558985,9056.60857963643
110,760,1,59,5,0,0,4,1,10638.123214760115,9426.215787328809
111,787,1,19,1,8,2,2,1,15816.58865978659,11240.178453864659
112,791,1,23,4,11,1,2,1,16755.891949737328,13950.21221948351
113,792,1,43,3,8,2,1,1,23238.74133611115,16110.878402831602
114,797,1,73,2,12,0,0,1,8814.035921928345,8064.685547269543
115,798,1,44,4,18,1,4,1,16845.180830213234,15172.653884675214
116,800,1,43,1,16,2,0,1,11407.518200910934,12372.728314001351
117,802,1,35,4,18,1,1,1,10244.470071874848,15172.653884675214
118,807,1,49,4,19,2,2,0,30812.295798220173,22009.95213885567
119,811,1,20,2,2,1,0,0,7033.6999835579745,9463.996160851331
120,824,1,55,4,0,1,2,0,11212.16140693081,12225.142857990617
121,824,2,55,4,0,1,2,0,12881.462702942388,12225.142857990617
122,835,1,66,1,13,0,1,1,8151.846230621834,7385.323507265496
123,845,1,18,4,1,2,2,0,8726.41889972085,17734.195430821725
124,849,1,64,5,19,2,3,0,25302.506714996154,26350.696862118024
125,850,1,52,5,12,2,3,2,13801.908935282221,28148.5184040566
126,850,2,52,5,12,2,3,2,26694.768722615387,28148.5184040566
127,853,1,72,5,9,2,1,1,30849.590964068895,23370.971568751167
128,854,1,31,5,2,0,2,1,22335.31565209196,9655.181565308612
129,856,1,66,5,15,2,0,0,29665.211711707685,25115.73949232187
130,862,1,70,2,0,2,1,0,16901.80999991039,12225.142857990617
131,862,2,70,2,0,2,1,0,5777.551630354129,12225.142857990617
132,871,1,44,2,10,0,3,2,10572.324187366108,9147.629009077667
133,884,1,26,5,7,2,2,2,12338.866486994904,26509.27630588399
134,886,1,59,5,19,1,0,0,29417.4773899745,17663.40033368609
135,891,1,23,3,13,0,3,1,4313.80319395161,9020.454501679225
136,893,1,47,2,13,0,3,0,4099.312560452711,8162.044760810268
137,904,1,68,3,17,2,0,1,23367.53525907045,17948.28776087009
138,926,1,71,1,0,2,0,0,22111.9620863305,10211.297659526826
139,934,1,55,4,7,2,0,0,29313.9235281352,19058.147892404617
140,935,1,43,3,18,0,2,1,6777.142357474558,9578.2482563326
141,935,2,43,3,18,0,2,1,4778.385637069764,9578.2482563326
142,937,1,27,5,6,2,0,1,15316.506457996169,22544.58087306582
143,948,1,25,2,16,0,1,0,7794.291713377585,8461.231420614573
144,956,1,52,3,8,2,4,2,15420.16956240889,18718.17020884131
145,958,1,54,3,3,1,1,1,5378.257991247128,11017.6080082093
146,962,1,41,1,19,1,2,0,17595.36312565582,10089.494368991673
147,970,1,20,5,5,1,3,1,26353.55858920339,14931.82320565183
148,977,1,23,4,5,0,3,2,25507.372252154037,10522.277970808365
149,980,1,50,4,12,2,2,1,6979.529229163329,20236.63794162165
150,986,1,55,2,19,0,3,0,4833.1522130953435,8771.385020692798
151,996,1,53,2,13,1,0,0,10656.935974005684,10799.444752660644
152,997,1,48,2,16,2,1,0,12767.523800130253,14812.845166711255
153,1001,1,64,5,3,1,0,1,9786.347069839198,14577.725616309404
154,1002,1,59,1,7,0,4,0,3688.937214497292,6872.271699071312
155,1002,2,59,1,7,0,4,0,3412.6739978411156,6872.271699071312
156,1005,1,25,4,18,0,1,0,27733.145365830984,10585.601419007568
157,1011,1,33,3,10,0,1,1,3412.347829014279,8701.493877850995
158,1014,1,35,1,11,0,3,0,2631.658021304975,7210.185802082461
159,1044,1,39,2,14,0,3,0,3694.113105882111,8260.579322900616
160,1045,1,58,2,3,1,0,1,9151.873709381174,9578.248256332583
161,1059,1,42,5,13,1,2,1,12159.07629579959,16436.339735576883
162,1066,1,40,3,6,2,0,1,16974.982298599443,15728.820356331807
163,1068,1,54,2,14,2,2,0,8428.114143643805,14461.5690571167
164,1071,1,56,2,19,0,2,0,7914.419531447725,8771.385020692798
165,1076,1,27,4,15,0,0,1,9196.873762054109,10211.297659526826
166,1084,1,49,3,9,2,0,1,33327.168795978854,16305.373580796846
167,1090,1,26,3,4,0,1,0,18517.176692688958,8097.008893052415
168,1092,1,43,2,16,2,2,0,11719.156228367248,14812.845166711255
169,1103,1,70,5,3,0,0,0,13443.001540805813,9771.74170621945
170,1106,1,28,2,18,0,2,0,8146.163961047896,8666.75742156741
171,1107,1,31,4,1,0,0,0,11338.01251707576,8632.159633587491
172,1112,1,31,5,18,1,1,1,18539.749747862308,17452.706222671204
173,1119,1,59,2,2,2,1,0,16135.218333188892,12522.09546426946
174,1135,1,52,5,14,0,0,0,15324.215880526228,11150.61575469762
175,1135,2,52,5,14,0,0,0,12106.729982206194,11150.61575469762
176,1149,1,57,5,13,0,1,1,10211.072902892087,11017.60800820932
177,1156,1,51,4,8,2,1,0,29423.565667890365,19288.223359014166
178,1158,1,66,5,5,2,3,1,17782.031939528155,22275.66263900449
179,1167,1,19,5,15,1,3,1,10542.251001824754,16835.583652712285
180,1173,1,40,2,2,0,3,1,2615.446186201877,7152.734427570845
181,1181,1,52,3,12,2,1,1,18359.734963020455,16903.060851751692
182,1186,1,35,3,12,0,0,1,11212.295199059952,8912.8559302673
183,1190,1,18,3,16,0,2,1,3114.581554565485,9351.106897171137
184,1193,1,27,4,17,2,0,0,13179.560925364363,21488.001745620342
185,1197,1,58,1,1,1,3,2,12271.73951749134,9445.087083909606
186,1199,1,63,3,5,0,2,0,6509.243066367987,8194.75832336055
187,1199,2,63,3,5,0,2,0,7261.830103851782,8194.75832336055
188,1201,1,68,5,4,0,2,2,16316.846091465315,11490.20256080169
189,1208,1,59,5,15,0,1,0,9141.051566898468,11285.229209122972
190,1230,1,34,4,11,2,2,0,21234.154487010317,19995.24951354483
191,1256,1,22,4,1,0,0,0,4094.9057684734357,8632.159633587491
192,1257,1,30,1,6,1,2,0,9003.347225309946,8632.15963358746
193,1258,1,49,1,17,0,0,2,3705.7383816907904,9002.431621563604
194,1264,1,64,1,5,0,0,0,2826.4701571357396,6709.300653377035
195,1271,1,39,3,8,2,1,1,10499.803725057101,16110.878402831602
196,1275,1,61,1,1,0,2,1,7434.271614455191,6394.86114039483
197,1278,1,62,1,10,2,0,0,10186.966334350389,11513.205961656337
198,1284,1,63,4,16,0,1,0,5755.4522318288655,10334.571394570143
199,1285,1,39,4,17,1,0,0,20881.43313111278,14991.670112492284
200,1293,1,43,4,18,0,0,2,12598.246019181372,12298.7142084761
201,1318,1,51,1,9,1,0,0,13667.559999538336,8948.578752001402
202,1332,1,58,4,12,1,2,2,8639.438967642822,16403.499906881054
203,1343,1,24,3,13,0,0,1,17066.2525078388,9020.454501679225
204,1354,1,70,1,9,2,2,1,23343.087710757492,11375.873135065982
205,1365,1,49,5,10,0,1,1,15084.103770153022,10628.02862252103
206,1377,1,72,5,14,0,0,1,12535.609741392082,11150.61575469762
207,1377,2,72,5,14,0,0,1,12594.804085678632,11150.61575469762
208,1388,1,36,5,4,0,3,0,10197.179953580388,9889.708994821636
209,1393,1,74,1,9,0,3,1,2843.418775044496,7039.201363272482
210,1394,1,60,1,9,2,1,0,7035.604152897883,11375.873135065982
211,1396,1,51,5,12,0,1,1,8837.696780738963,10886.1868163127
212,1402,1,31,5,15,0,2,1,5504.328157605908,11285.229209122972
213,1402,2,31,5,15,0,2,1,21357.88606865787,11285.229209122972
214,1412,1,50,3,11,1,0,2,15949.672074849474,14090.41418314892
215,1413,1,32,5,11,1,2,0,36764.62854470288,16046.56360456979
216,1416,1,62,5,11,1,2,1,21302.44563063832,16046.56360456979
217,1439,1,36,5,7,0,2,0,4087.9881476505634,10252.224649575723
218,1445,1,25,2,14,0,0,0,14571.704791273594,8260.579322900616
219,1450,1,23,5,19,0,2,1,7943.74864809882,11840.131324822405
220,1458,1,43,5,15,2,1,1,45729.22504882836,25115.73949232187
221,1472,1,57,5,9,1,3,0,30867.140233817077,15666.030737862866
222,1482,1,18,4,18,2,1,0,39317.695300082094,21747.411109848224
223,1489,1,24,2,16,1,0,1,17367.70935707788,11195.307541701379
224,1496,1,42,5,16,0,1,0,12461.03377746825,11421.467756055408
225,1500,1,65,5,3,0,1,1,8352.551067715938,9771.74170621945
226,1505,1,52,2,19,0,1,0,21264.714900269813,8771.385020692798
227,1508,1,45,4,3,0,0,0,8829.109616938553,8841.837535169914
228,1509,1,67,1,16,1,1,0,6768.914531467251,9732.732809200448
229,1534,1,28,2,4,2,0,0,14059.489052413694,12826.261143753285
230,1537,1,26,4,11,0,2,1,15738.380991332275,9732.732809200465
231,1541,1,45,5,4,2,2,0,34877.80856197367,22009.95213885567
232,1542,1,31,5,0,0,2,1,4458.844935742816,9426.215787328809
233,1542,2,31,5,0,0,2,1,14678.942087807858,9426.215787328809
234,1544,1,50,5,6,2,0,1,28314.682761578173,22544.58087306582
235,1561,1,34,2,16,1,4,0,7958.469270923491,11195.307541701379
236,1562,1,32,5,9,0,0,0,5736.246346860894,10501.254445399993
237,1563,1,32,5,15,0,0,1,21301.819653741397,11285.229209122972
238,1564,1,70,5,12,1,0,0,32365.866125897122,16240.282355712054
239,1568,1,52,5,4,1,4,0,30072.73799716031,14753.712130959919
240,1568,2,52,5,4,1,4,0,6177.343159483511,14753.712130959919
241,1584,1,41,4,16,2,0,0,16264.027774618406,21231.686690775234
242,1593,1,39,4,15,0,2,1,9057.314174448722,10211.297659526826
243,1593,2,39,4,15,0,2,1,20057.59620056152,10211.297659526826
244,1594,1,19,3,3,0,1,0,10723.289798684229,8000.425446016581
245,1608,1,51,3,1,0,1,0,5936.571470654022,7810.701034929542
246,1620,1,74,4,18,1,1,2,16565.80226946596,17628.10883627998
247,1624,1,18,1,11,1,2,2,13556.036520690215,10649.305950001099
248,1625,1,49,4,14,0,0,1,13085.056890930955,10089.49436899169
249,1628,1,51,4,14,1,0,1,31328.550458052574,14461.5690571167
250,1634,1,68,2,14,0,3,0,15820.910445596694,8260.579322900616
251,1645,1,25,3,3,1,2,1,18805.17398935989,11017.6080082093
252,1648,1,55,1,8,0,1,0,3927.2235168505636,6955.235748188675
253,1657,1,66,2,18,0,2,0,5061.4794815827345,8666.75742156741
254,1662,1,52,4,15,2,0,1,10457.644164742338,20978.42903550213
255,1665,1,47,5,2,1,0,1,15626.701305051145,14403.838319338069
256,1679,1,70,1,18,2,0,1,8414.712726189886,12673.265817922727
257,1681,1,71,2,5,0,3,1,8845.161411200015,7414.923962738238
258,1694,1,40,5,14,0,1,2,16731.063948277984,12955.167211313175
259,1696,1,56,2,1,0,3,1,6957.286666656143,7067.414557496434
260,1702,1,28,5,9,0,0,0,14866.690045547572,10501.254445399993
261,1703,1,56,5,4,0,1,2,7040.02343221404,11490.20256080169
262,1706,1,66,1,12,0,4,0,2828.591178627603,7297.229247863296
263,1707,1,74,5,4,0,0,0,5862.061192272111,9889.708994821636
264,1707,2,74,5,4,0,0,0,13702.656989784364,9889.708994821636
265,1717,1,54,3,16,1,2,1,30973.67028323379,12877.66893536782
266,1727,1,72,4,6,2,1,1,37154.334378985644,18830.81683202421
267,1731,1,62,3,14,0,0,0,7159.01666161728,9129.352034126798
268,1738,1,23,1,13,2,2,0,17727.970068283677,11935.232272005214
269,1753,1,53,3,1,0,1,1,3191.369245789595,7810.701034929542
270,1768,1,44,5,17,1,1,1,35433.45338005601,17244.525331510835
271,1769,1,21,2,7,0,0,0,8900.603480535066,7595.03482292793
272,1791,1,51,4,15,1,1,0,19862.343636155678,14636.153296230952
273,1792,1,68,4,19,1,2,1,4715.258488447539,15355.822545236037
274,1800,1,47,1,2,0,4,2,8532.695963459406,7519.4629637589405
275,1807,1,18,4,7,1,0,1,32287.69197008392,13296.4186032912
276,1820,1,34,1,18,1,0,0,10337.034576513895,9969.1439830804
277,1834,1,22,4,8,2,0,0,16178.109733266932,19288.223359014166
278,1846,1,53,4,14,0,0,0,7735.048233715795,10089.49436899169
279,1848,1,48,2,7,0,4,0,4509.958066451493,7595.03482292793
280,1852,1,32,1,3,1,0,1,7724.112528714085,8326.929002336978
281,1853,1,43,3,7,0,0,1,3796.529226611265,8393.811608071786
282,1855,1,24,4,12,1,0,0,15975.820871660238,14118.62321114021
283,1859,1,47,2,16,0,3,0,13763.465164247129,8461.231420614573
284,1861,1,60,1,2,2,2,0,7295.928988763177,10459.333325752485
285,1868,1,61,2,10,1,1,0,11366.968431634365,10417.579555661321
286,1873,1,52,1,19,0,1,1,6770.644757423217,7936.677374722966
287,1894,1,58,1,19,0,1,0,8714.147112725828,7936.677374722966
288,1897,1,50,3,9,1,1,1,17260.80380490324,11840.131324822405
289,1899,1,60,4,5,2,1,1,20651.739837013185,18606.19744180746
290,1899,2,60,4,5,2,1,1,26389.443487262524,18606.19744180746
291,1912,1,68,4,19,0,4,1,12613.00138782059,10713.393857158993
292,1924,1,42,1,3,1,2,1,11828.753635049805,8326.929002336978
293,1930,1,72,4,10,0,4,1,10111.839506014263,9616.637977614208
294,1934,1,72,4,10,1,0,1,14613.802791229577,13783.8100824925
295,1957,1,48,5,8,0,1,0,13412.483642992558,10375.992467065327
296,1958,1,48,1,10,0,1,1,6049.283318303566,7124.180635516386
297,1967,1,39,4,14,0,0,1,11417.989990457527,10089.49436899169
298,1971,1,65,4,17,1,2,0,8113.170554367435,14991.670112492284
299,1974,1,37,1,2,0,1,1,2110.2263323029233,6472.061751340123
300,1975,1,49,3,8,2,0,1,14973.81285575695,16110.878402831602
301,1989,1,30,5,8,1,2,1,8811.673481548829,15479.16182490781
302,1990,1,70,3,16,1,1,1,32883.822436376104,12877.66893536782
303,1994,1,54,3,6,1,2,1,6491.41669212526,11421.467756055386
304,1996,1,18,5,15,0,2,0,15157.98326790746,11285.229209122972
305,2016,1,36,5,12,0,0,2,7543.1095708322355,12647.94461592929
306,2018,1,59,4,6,0,2,2,9262.670776088225,10649.305950001117
307,2020,1,44,5,17,0,1,0,5509.192764592346,11559.351014081107
308,2022,1,55,4,11,0,3,0,4407.402532852045,9732.732809200465
309,2024,1,52,4,17,1,2,0,15450.586714715397,14991.670112492284
310,2025,1,22,5,15,0,2,1,7988.474197807941,11285.229209122972
311,2026,1,44,1,13,0,2,1,9783.454540483486,7385.323507265496
312,2049,1,60,1,11,0,4,0,12610.898189306758,7210.185802082461
313,2056,1,38,1,16,0,0,0,2804.931601047036,7656.038792033628
314,2064,1,59,3,5,1,3,0,17694.491930970235,11285.229209122972
315,2073,1,40,3,7,0,1,0,4252.57547730383,8393.811608071786
316,2073,2,40,3,7,0,1,0,6007.813154834089,8393.811608071786
317,2078,1,43,2,11,1,1,0,4192.155332214285,10543.343585342616
318,2079,1,32,5,8,2,1,1,9333.85376198283,23092.195909183436
319,2079,2,32,5,8,2,1,1,6809.972726492309,23092.195909183436
320,2083,1,36,4,5,0,0,2,7241.139671417831,10522.277970808365
321,2107,1,61,4,7,2,1,0,16944.120783456565,19058.147892404617
322,2113,1,70,5,3,0,0,0,6847.832734628423,9771.74170621945
323,2123,1,51,5,5,1,1,0,4794.132867493418,14931.82320565183
324,2129,1,21,5,7,0,2,1,3003.91935574172,10252.224649575723
325,2136,1,57,2,8,2,4,0,11632.562055534656,13456.936809554429
326,2136,2,57,2,8,2,4,0,17853.68876281675,13456.936809554429
327,2141,1,57,2,15,2,2,0,14418.73093788505,14636.153296230952
328,2155,1,58,4,16,2,0,1,50988.14663654385,21231.686690775234
329,2155,2,58,4,16,2,0,1,17872.79671427241,21231.686690775234
330,2156,1,45,2,10,1,2,1,10651.836099446326,10417.579555661321
331,2182,1,31,1,11,0,1,0,6126.895729541113,7210.185802082461
332,2188,1,32,4,7,2,1,1,10658.996773647632,19058.147892404617
333,2188,2,32,4,7,2,1,1,14967.974553990065,19058.147892404617
334,2190,1,51,5,0,0,0,1,12851.019938951189,9426.215787328809
335,2214,1,24,5,15,2,1,0,34984.582325932075,25115.73949232187
336,2218,1,74,2,8,2,1,2,16361.076728468994,15634.729987571032
337,2224,1,42,2,10,0,1,1,16159.246672667858,7873.437253490392
338,2226,1,53,2,2,0,0,0,7907.901980989284,7152.734427570845
339,2226,2,53,2,2,0,0,0,7359.261291606228,7152.734427570845
340,2243,1,43,3,1,0,0,1,15339.86525844231,7810.701034929542
341,2246,1,65,4,13,0,1,1,5783.320981562072,9969.143983080436
342,2250,1,42,1,19,2,1,0,24183.294936880975,12826.261143753285
343,2251,1,46,2,9,1,1,0,5178.806382673138,10293.315675437725
344,2252,1,49,2,6,2,2,0,9756.489199460748,13137.815104283169
345,2255,1,34,5,0,1,0,1,4402.69406847562,14062.26151683315
346,2287,1,69,3,1,1,0,0,10616.69449806016,10756.333254129051
347,2297,1,27,4,4,0,1,1,15947.928080142488,8948.578752001418
348,2300,1,68,4,13,0,1,0,5116.395763518758,9969.143983080436
349,2304,1,68,4,2,0,0,0,6428.211354049101,8736.369558222243
350,2314,1,21,3,18,2,3,1,13823.043767544434,18164.96467537078
351,2314,2,21,3,18,2,3,1,13873.023883893362,18164.96467537078
352,2323,1,37,1,3,2,1,1,5113.704808974763,10585.601419007568
353,2324,1,55,3,14,0,3,1,8011.453797706417,9129.352034126798
354,2324,2,55,3,14,0,3,1,18610.9377426894,9129.352034126798
355,2325,1,60,5,6,0,4,1,6611.130377609767,10129.933170151586
356,2328,1,27,3,18,1,1,1,12869.560190029571,13190.471607498073
357,2342,1,40,5,1,0,1,2,10766.713880442741,11083.91237043228
358,2347,1,36,4,17,1,3,0,10367.107080135747,14991.670112492284
359,2368,1,28,4,17,0,2,0,10478.128216026993,10459.333325752503
360,2369,1,27,4,10,1,1,1,9609.794487655055,13783.8100824925
361,2374,1,40,4,18,0,1,1,11449.448090965212,10585.601419007568
362,2397,1,71,5,9,0,2,0,8683.865999005213,10501.254445399993
363,2397,2,71,5,9,0,2,0,4166.498109569913,10501.254445399993
364,2399,1,32,5,4,2,1,1,7034.066448473026,22009.95213885567
365,2400,1,59,5,1,0,4,0,2530.384313119578,9540.01178722743
366,2405,1,39,2,17,0,0,1,5874.731562941465,8563.37785048697
367,2409,1,44,2,7,2,0,0,18049.541920306674,13296.4186032912
368,2415,1,39,1,19,1,3,2,6744.383424548413,11722.32004970872
369,2428,1,39,3,1,0,0,2,6810.370055146666,9074.739922094386
370,2433,1,27,4,7,0,0,0,5565.777921455249,9276.59648104672
371,2435,1,43,2,19,0,0,0,4763.62651225409,8771.385020692798
372,2436,1,50,4,7,2,1,1,55018.842488808325,19058.147892404617
373,2436,2,50,4,7,2,1,1,10562.47785510918,19058.147892404617
374,2450,1,27,3,1,0,1,1,3191.5865443887587,7810.701034929542
375,2451,1,65,4,6,0,1,0,4816.3840282346755,9165.942574556786
376,2454,1,44,3,5,0,0,1,7340.16603313341,8194.75832336055
377,2455,1,65,1,16,0,2,1,4801.061234259559,7656.038792033628
378,2489,1,47,1,18,1,0,1,10029.233889624515,9969.1439830804
379,2490,1,38,1,16,1,3,1,5598.972429243921,9732.732809200448
380,2495,1,41,4,17,1,1,0,9326.497220626761,14991.670112492284
381,2506,1,24,3,4,1,3,2,7547.37604932935,12955.167211313175
382,2525,1,21,4,9,2,4,0,15958.225246636253,19521.07636311762
383,2532,1,63,5,2,1,0,0,18332.881609983506,14403.838319338069
384,2546,1,40,3,19,0,4,1,13076.250989521803,9693.879636114058
385,2554,1,29,2,2,0,1,2,15492.982119877217,8310.291787093296
386,2571,1,63,1,15,0,2,0,3159.3223424795005,7564.715362982049
387,2580,1,50,5,4,0,1,0,4798.596328760577,9889.708994821636
388,2590,1,37,1,9,0,0,0,3650.9887528874324,7039.201363272482
389,2594,1,23,5,14,1,4,1,14273.526064865307,16634.76397676574
390,2594,2,23,5,14,1,4,1,7907.56271521966,16634.76397676574
391,2595,1,35,5,13,2,3,0,14429.2886023991,24520.137556356232
392,2597,1,46,4,19,0,0,2,15591.035281453496,12447.187839082164
393,2597,2,46,4,19,0,0,2,19274.60554318729,12447.187839082164
394,2607,1,48,4,16,2,0,0,26719.8355004053,21231.686690775234
395,2611,1,73,5,5,0,0,0,10262.853345418309,10009.100418608576
396,2618,1,20,2,0,0,0,1,4169.553426551464,6983.112407330842
397,2620,1,71,4,4,0,0,0,7782.994326668773,8948.578752001418
398,2629,1,53,1,17,2,1,2,23420.94717586313,14548.599301100807
399,2639,1,26,4,16,2,1,1,26261.405236973253,21231.686690775234
400,2640,1,66,4,4,2,4,1,25707.96317795245,18384.25737617396
401,2640,2,66,4,4,2,4,1,26658.38559596023,18384.25737617396
402,2640,3,66,4,4,2,4,1,13195.315591561179,18384.25737617396
403,2659,1,56,1,18,0,2,1,9552.490215685655,7842.006408075048
404,2688,1,50,3,3,0,0,1,5581.032696406021,8000.425446016581
405,2692,1,52,4,10,0,2,1,11468.301501226653,9616.637977614208
406,2694,1,42,5,14,1,4,1,28076.716636431618,16634.76397676574
407,2696,1,39,4,1,2,2,0,35832.29655278054,17734.195430821725
408,2696,2,39,4,1,2,2,0,21143.47546874916,17734.195430821725
409,2700,1,24,4,19,0,2,0,11437.478971955064,10713.393857158993
410,2701,1,68,5,1,1,2,1,26245.76146192309,14232.025199974694
411,2703,1,30,4,11,0,1,0,5200.381849340667,9732.732809200465
412,2714,1,47,2,10,1,2,1,19835.124114264105,10417.579555661321
413,2717,1,42,1,6,0,3,0,6272.245038562533,6790.297268953957
414,2718,1,57,3,4,1,1,1,10341.366494359567,11150.61575469762
415,2723,1,24,1,19,1,0,0,6768.267341288718,10089.494368991673
416,2731,1,72,5,13,0,2,1,4967.8129285619025,11017.60800820932
417,2739,1,46,1,11,0,2,1,13923.988329996864,7210.185802082461
418,2740,1,37,4,16,1,1,1,15902.074618546498,14812.845166711255
419,2763,1,38,1,9,2,2,0,7982.074141086025,11375.873135065982
420,2766,1,48,4,9,0,1,1,9902.103433584145,9501.927958514374
421,2768,1,74,4,10,1,1,1,9846.126253595474,13783.8100824925
422,2777,1,47,5,13,1,3,0,5532.317276656193,16436.339735576883
423,2783,1,61,3,8,0,0,1,6621.328072625966,8495.144126491869
424,2794,1,48,4,16,0,1,1,4097.655238780817,10334.571394570143
425,2802,1,43,1,15,2,1,0,11977.820967018648,12225.142857990617
426,2808,1,35,3,3,2,0,0,31202.221241133946,15172.653884675241
427,2812,1,34,4,8,2,0,1,11652.333119834968,19288.223359014166
428,2813,1,29,4,8,0,1,1,12469.101010252572,9388.58623345996
429,2824,1,73,4,1,2,4,1,10721.96643145864,17734.195430821725
430,2847,1,67,3,18,2,1,1,15440.781278017406,18164.96467537078
431,2859,1,59,5,14,0,0,1,5914.262210291843,11150.61575469762
432,2864,1,52,3,0,1,1,0,12843.94640644232,10628.02862252103
433,2868,1,26,5,16,0,2,1,20590.005109572023,11421.467756055408
434,2869,1,67,3,5,1,3,0,10784.283522533717,11285.229209122972
435,2871,1,34,4,13,2,0,2,27461.663992847396,23795.45797356095
436,2871,2,34,4,13,2,0,2,27433.476685364585,23795.45797356095
437,2875,1,39,5,8,0,0,2,9038.774664624874,12055.183350527219
438,2878,1,71,5,15,2,2,0,44314.23508505902,25115.73949232187
439,2878,2,71,5,15,2,2,0,16240.710222870768,25115.73949232187
440,2882,1,31,3,6,0,0,1,3002.459284671826,8293.687813027842
441,2887,1,71,5,14,2,1,0,12851.733105116718,24816.151739972494
442,2904,1,53,2,19,0,2,1,10579.32363581077,8771.385020692798
443,2919,1,66,1,13,1,1,2,7579.359628158672,10907.980976841121
444,2920,1,39,4,0,0,0,0,7715.946063821623,8529.192754856402
445,2926,1,28,4,13,0,0,0,7516.07694165225,9969.143983080436
446,2930,1,55,3,17,1,1,2,14378.503522024694,15142.338901993557
447,2936,1,31,4,7,0,0,1,14549.96406746258,9276.59648104672
448,2945,1,64,4,16,1,0,2,34236.395819132405,17210.070746917285
449,2948,1,46,3,1,1,0,0,5425.506305005021,10756.333254129051
450,2953,1,71,5,15,0,2,2,18818.869950820164,13111.565732196494
451,2957,1,23,3,13,1,0,1,11898.819573521472,12422.318341191714
452,2962,1,42,4,12,2,2,0,8877.20050536473,20236.63794162165
453,2966,1,51,5,2,1,0,0,16249.762091055953,14403.838319338069
454,2970,1,54,5,5,0,0,0,23781.485020111802,10009.100418608576
455,2978,1,69,1,4,2,1,0,6136.804650749685,10713.393857158993
456,2982,1,21,2,2,1,0,0,7173.923014898828,9463.996160851331
457,2983,1,63,4,13,2,1,1,7279.002554942177,20480.940480531146
458,2990,1,42,5,13,2,1,1,19767.16488971993,24520.137556356232
459,2994,1,66,3,0,0,3,1,7245.26755424634,7717.532750235283
460,2996,1,53,3,19,0,1,1,24676.32171308487,9693.879636114058
461,2997,1,35,1,5,1,0,0,4385.827861852687,8529.192754856387
462,3006,1,39,3,9,1,2,1,17294.72619821071,11840.131324822405
463,3006,2,39,3,9,1,2,1,12008.494608022878,11840.131324822405
464,3009,1,53,5,16,0,1,0,33548.402802309356,11421.467756055408
465,3020,1,60,3,6,1,1,1,10811.567809943905,11421.467756055386
466,3020,2,60,3,6,1,1,1,9544.407573727169,11421.467756055386
467,3023,1,40,1,6,0,0,1,9298.759612021324,6790.297268953957
468,3046,1,68,1,17,0,1,1,8715.75325359973,7748.464703900959
469,3050,1,58,2,17,1,3,0,16295.176360410367,11330.46052828938
470,3053,1,60,1,16,2,0,1,14482.397967775816,12372.728314001351
471,3061,1,32,2,10,1,0,1,3977.8340345532306,10417.579555661321
472,3063,1,39,3,15,2,0,0,20073.804940982518,17522.656855560235
473,3087,1,28,4,14,0,0,0,11411.483364269296,10089.49436899169
474,3099,1,28,5,5,1,2,0,8545.664257831664,14931.82320565183
475,3101,1,38,2,7,0,1,1,7656.178314947306,7595.03482292793
476,3102,1,25,5,2,1,1,0,4510.985899178654,14403.838319338069
477,3109,1,69,5,18,1,1,1,17264.65436917281,17452.706222671204
478,3111,1,48,1,12,1,0,0,11621.56763835082,9276.596481046703
479,3113,1,21,3,14,1,0,0,18319.597192577858,12572.28415659294
480,3117,1,53,3,5,0,0,1,10356.958500053926,8194.75832336055
481,3135,1,58,4,14,2,2,0,10944.258864442663,20728.192310261038
482,3140,1,46,5,11,0,2,0,4130.033186877711,10756.333254129051
483,3140,2,46,5,11,0,2,0,15516.475183284647,10756.333254129051
484,3150,1,24,3,16,2,1,1,19047.734464761445,17734.195430821725
485,3164,1,35,4,15,1,3,1,16502.14591506811,14636.153296230952
486,3177,1,53,5,19,0,1,1,25660.27885758765,11840.131324822405
487,3184,1,21,4,4,2,4,0,6529.105526091966,18384.25737617396
488,3184,2,21,4,4,2,4,0,42603.34112399877,18384.25737617396
489,3184,3,21,4,4,2,4,0,11600.547933168365,18384.25737617396
490,3185,1,53,3,6,1,0,0,15455.375056008392,11421.467756055386
491,3187,1,61,2,15,0,1,1,7134.956906193112,8360.303422687824
492,3189,1,21,5,12,1,2,0,11543.566692632394,16240.282355712054
493,3195,1,60,5,6,0,2,1,3797.488900696274,10129.933170151586
494,3198,1,64,1,14,0,4,1,4438.936701294398,7474.48126601463
495,3199,1,73,1,15,2,3,1,13586.89172300491,12225.142857990617
496,3201,1,70,3,3,2,0,1,15855.466261158075,15172.653884675241
497,3221,1,57,3,13,1,1,2,20944.1047366937,14432.674822868143
498,3231,1,65,4,9,0,1,0,5583.711593772606,9501.927958514374
499,3232,1,30,1,2,0,4,1,8389.47247856177,6472.061751340123
500,3239,1,68,1,11,0,3,1,6427.790199036444,7210.185802082461
501,3241,1,29,3,17,0,0,1,11522.33899182691,9463.996160851364
502,3255,1,31,3,18,2,4,1,20707.375704028134,18164.96467537078
503,3255,2,31,3,18,2,4,1,12048.257410087957,18164.96467537078
504,3266,1,54,5,4,1,1,0,14569.850611148144,14753.712130959919
505,3278,1,32,4,18,1,2,0,16806.12056251089,15172.653884675214
506,3289,1,27,4,2,0,1,1,11574.571438009045,8736.369558222243
507,3290,1,28,4,11,2,4,1,39333.49075829417,19995.24951354483
508,3290,2,28,4,11,2,4,1,12125.752927036283,19995.24951354483
509,3293,1,31,1,7,2,1,0,5026.544964037578,11106.102377783815
510,3302,1,33,4,8,0,0,0,16377.455346298664,9388.58623345996
511,3312,1,40,2,11,0,1,1,3376.2016128935998,7968.48766238347
512,3315,1,40,4,10,0,3,1,14595.54264309751,9616.637977614208
513,3318,1,40,4,2,2,1,0,9357.656059418863,17948.28776087006
514,3318,2,40,4,2,2,1,0,10912.858908174716,17948.28776087006
515,3327,1,27,5,17,0,3,1,9513.90327558176,11559.351014081107
516,3328,1,30,5,7,1,2,0,5917.934752154198,15294.521938003658
517,3336,1,30,3,17,0,1,1,4771.843815936482,9463.996160851364
518,3337,1,47,1,6,0,0,1,2325.603129612109,6790.297268953957
519,3357,1,21,4,5,0,0,0,11249.406765990741,9056.60857963643
520,3374,1,46,5,3,0,1,0,8346.717950451113,9771.74170621945
521,3381,1,65,3,13,0,1,1,7816.0398397048975,9020.454501679225
522,3388,1,59,5,5,0,0,0,8319.849696198795,10009.100418608576
523,3395,1,37,3,17,0,1,0,8056.843073909958,9463.996160851364
524,3398,1,72,4,16,0,3,1,6815.024591374303,10334.571394570143
525,3401,1,64,5,19,1,1,0,25693.634499471373,17663.40033368609
526,3401,2,64,5,19,1,1,0,5757.51899538615,17663.40033368609
527,3406,1,38,5,4,1,0,1,5736.194342072136,14753.712130959919
528,3411,1,22,5,14,2,1,1,45027.321545423576,24816.151739972494
529,3420,1,34,1,13,0,0,0,7353.211536014339,7385.323507265496
530,3422,1,62,1,12,0,0,0,2059.942438136699,7297.229247863296
531,3436,1,52,5,14,1,1,1,17046.11146815204,16634.76397676574
532,3444,1,30,2,10,1,2,0,3735.945604944415,10417.579555661321
533,3453,1,43,2,13,1,0,0,18981.443048761837,10799.444752660644
534,3454,1,37,1,9,2,0,2,18845.64879666587,13216.878949252408
535,3456,1,67,2,13,2,0,0,38928.79074124045,14289.067308936412
536,3468,1,32,4,2,0,1,1,6371.321437963786,8736.369558222243
537,3471,1,30,4,17,0,0,0,4603.891744873782,10459.333325752503
538,3472,1,60,5,18,1,1,0,11144.405758241852,17452.706222671204
539,3477,1,49,2,17,2,3,0,9694.127404991887,14991.670112492284
540,3489,1,43,5,16,1,1,2,21037.21880545644,19796.29345665816
541,3511,1,73,5,15,1,1,2,6140.392452876501,19560.157584037646
542,3521,1,65,5,14,0,4,1,9557.283084954664,11150.61575469762
543,3523,1,65,2,18,2,0,1,7465.56854398258,15172.653884675214
544,3538,1,25,5,0,2,4,1,13600.565348972767,20978.42903550213
545,3543,1,22,1,4,1,3,1,15500.740442198083,8427.454094620514
546,3544,1,62,3,10,1,3,1,17880.76489394725,11983.06881038794
547,3550,1,54,3,4,1,3,0,14319.404193499222,11150.61575469762
548,3567,1,42,2,0,1,2,0,11271.66057072644,9239.564209042877
549,3568,1,26,1,13,0,2,0,5489.27422631843,7385.323507265496
550,3581,1,68,2,9,0,2,2,7565.298186693635,9038.513463624866
551,3594,1,50,4,9,0,1,2,3996.1378219630446,11039.665274139254
552,3597,1,37,1,13,0,0,1,3220.7673391943863,7385.323507265496
553,3606,1,25,3,14,0,1,1,8414.357161635397,9129.352034126798
554,3607,1,36,5,18,1,1,1,8103.940432298643,17452.706222671204
555,3610,1,56,5,13,2,2,0,30802.917866543645,24520.137556356232
556,3612,1,56,4,13,1,1,1,11952.139720209272,14289.067308936412
557,3616,1,43,5,10,0,2,1,7756.935263414958,10628.02862252103
558,3619,1,42,5,15,1,2,0,10365.410234270776,16835.583652712285
559,3621,1,74,4,10,0,3,0,10592.72668805219,9616.637977614208
560,3621,2,74,4,10,0,3,0,12001.66943821154,9616.637977614208
561,3623,1,36,4,17,0,0,0,5540.631726919585,10459.333325752503
562,3625,1,65,1,17,0,1,0,4991.99375393271,7748.464703900959
563,3644,1,46,5,6,0,3,1,7851.647568656909,10129.933170151586
564,3653,1,41,4,17,2,0,0,22038.337295442045,21488.001745620342
565,3657,1,47,4,18,2,2,2,25733.65714624277,25266.88691811117
566,3659,1,37,1,12,0,3,1,5929.991355121123,7297.229247863296
567,3664,1,72,4,4,1,0,1,16277.009690713907,12826.261143753285
568,3668,1,28,5,8,2,1,2,21403.90221117132,26829.303947079305
569,3690,1,27,4,9,0,1,0,3788.914335794486,9501.927958514374
570,3697,1,35,3,4,0,0,0,14522.57874728996,8097.008893052415
571,3716,1,34,2,10,2,0,0,20312.19975971057,13783.8100824925
572,3716,2,34,2,10,2,0,0,5555.836223545882,13783.8100824925
573,3721,1,54,2,9,2,0,2,15005.660730841118,15823.476964324125
574,3730,1,54,3,7,1,1,0,20319.06069482046,11559.351014081087
575,3759,1,22,5,14,0,1,1,8108.5279490569255,11150.61575469762
576,3769,1,64,4,15,1,1,1,19233.32434200477,14636.153296230952
577,3770,1,37,5,6,2,0,0,35696.357707522446,22544.58087306582
578,3772,1,36,5,7,0,2,2,11866.873070406109,11911.385662020051
579,3773,1,48,5,15,0,2,0,31529.367819772382,11285.229209122972
580,3799,1,18,3,16,2,0,0,21794.697126955805,17734.195430821725
581,3812,1,43,5,14,1,0,1,15125.455338602578,16634.76397676574
582,3818,1,63,5,8,0,1,0,8136.5491187944335,10375.992467065327
583,3820,1,68,2,12,1,4,0,8937.537079298809,10670.625874719184
584,3820,2,68,2,12,1,4,0,6724.742735143151,10670.625874719184
585,3823,1,49,2,3,2,4,1,5905.163223893955,12673.265817922727
586,3825,1,51,3,6,0,3,0,4347.970866355543,8293.687813027842
587,3837,1,29,1,16,0,1,0,6085.273053628525,7656.038792033628
588,3838,1,52,2,19,1,0,0,15518.985443936694,11605.68101636866
589,3840,1,72,3,8,1,1,1,12035.184711969423,11698.898838627467
590,3849,1,60,3,17,2,2,1,16932.1563172816,17948.28776087009
591,3852,1,20,1,6,0,4,0,18735.889795935847,6790.297268953957
592,3854,1,38,2,7,1,2,0,21797.955100400355,10049.216999956923
593,3860,1,43,5,16,2,1,0,13228.200634819364,25418.94395455835
594,3860,2,43,5,16,2,1,0,32190.6103645013,25418.94395455835
595,3863,1,32,3,5,2,0,1,6953.49324647146,15541.202470778391
596,3865,1,54,5,11,1,2,0,15982.908488640207,16046.56360456979
597,3865,2,54,5,11,1,2,0,6482.116805638331,16046.56360456979
598,3867,1,47,2,9,0,3,0,4789.431031947223,7779.520633167196
599,3868,1,64,4,12,1,0,0,17105.218818043188,14118.62321114021
600,3870,1,58,4,17,0,0,0,7002.678937286387,10459.333325752503
601,3870,2,58,4,17,0,0,0,4967.208533377078,10459.333325752503
602,3875,1,53,5,17,0,0,1,6808.002640299025,11559.351014081107
603,3895,1,52,5,16,2,1,0,13002.913263176257,25418.94395455835
604,3895,2,52,5,16,2,1,0,27414.67725955095,25418.94395455835
605,3916,1,22,3,2,0,0,1,13167.508397251764,7904.994074069774
606,3919,1,21,2,8,0,2,0,5929.200099277003,7686.7242772582385
607,3922,1,53,2,9,0,0,0,11780.837536058185,7779.520633167196
608,3931,1,58,5,8,2,0,1,14482.63152434389,23092.195909183436
609,3938,1,44,3,10,2,1,0,13418.215185171413,16502.216760733514
610,3940,1,47,3,6,2,1,1,36067.80876264306,15728.820356331807
611,3953,1,59,4,3,2,0,0,14160.106897262627,18164.96467537078
612,3954,1,44,5,1,0,0,2,17162.407194856703,11083.91237043228
613,3954,2,44,5,1,0,0,2,6412.264925291625,11083.91237043228
614,3955,1,51,5,19,1,0,0,15016.748974295113,17663.40033368609
615,3968,1,31,4,3,1,1,1,6795.359567954488,12673.265817922727
616,3969,1,51,5,8,1,2,0,13801.867054854489,15479.16182490781
617,3975,1,23,5,10,1,0,1,15548.264590082872,15855.155586315179
618,3986,1,37,5,17,0,1,1,15065.415668048789,11559.351014081107
619,3986,2,37,5,17,0,1,1,7226.144893264591,11559.351014081107
620,3988,1,22,3,7,0,0,2,7646.634756512999,9752.21775326796
621,3992,1,60,5,16,1,0,0,28163.251118569002,17038.82768179685
622,3998,1,66,5,16,0,2,1,5049.628504246682,11421.467756055408
623,4007,1,32,1,5,2,2,1,2389.0473063377967,10842.729042538685
624,4008,1,55,3,19,1,4,0,8011.219477653289,13349.710791023594
625,4011,1,38,4,8,0,2,0,11288.928616883728,9388.58623345996
626,4024,1,34,5,1,1,1,2,14877.261754251507,16535.25422070245
627,4028,1,43,4,1,0,0,0,4385.65334414923,8632.159633587491
628,4037,1,57,3,10,0,2,1,7779.710832579117,8701.493877850995
629,4041,1,36,3,19,1,4,0,9379.941344298608,13349.710791023594
630,4042,1,55,5,5,0,1,0,3637.0856553435688,10009.100418608576
631,4045,1,41,5,12,0,0,1,7760.564761232066,10886.1868163127
632,4060,1,51,5,10,0,0,0,13760.799679089254,10628.02862252103
633,4063,1,54,4,8,0,0,1,6926.839447255252,9388.58623345996
634,4071,1,23,3,16,0,3,0,3497.6894354343062,9351.106897171137
635,4072,1,62,4,17,2,2,0,47724.54583806217,21488.001745620342
636,4079,1,32,2,19,0,0,1,4366.555054172848,8771.385020692798
637,4086,1,54,1,18,0,2,1,8275.661423267451,7842.006408075048
638,4088,1,70,2,1,1,0,1,12724.931094945081,9351.106897171121
639,4090,1,73,5,2,0,3,1,10466.664303082109,9655.181565308612
640,4090,2,73,5,2,0,3,1,7304.065686209608,9655.181565308612
641,4091,1,60,5,1,2,3,1,6721.060652308793,21231.686690775234
642,4092,1,20,5,14,1,0,1,27249.908474431013,16634.76397676574
643,4101,1,23,5,7,0,1,1,4639.587172086532,10252.224649575723
644,4102,1,74,5,10,0,0,2,18118.03418091344,12348.007586341244
645,4103,1,28,2,11,1,1,1,16697.090110463923,10543.343585342616
646,4132,1,71,5,8,2,1,0,10140.340590323696,23092.195909183436
647,4134,1,46,4,3,1,1,1,5519.047219190546,12673.265817922727
648,4143,1,27,4,14,0,1,1,6986.830143301396,10089.49436899169
649,4151,1,36,2,19,0,3,1,12503.88378562143,8771.385020692798
650,4152,1,48,3,19,2,1,1,11376.17976753809,18384.25737617396
651,4156,1,28,5,19,2,0,1,23852.24771514405,26350.696862118024
652,4160,1,19,5,7,0,3,1,6686.580483958946,10252.224649575723
653,4175,1,40,2,14,2,2,0,19151.28577169415,14461.5690571167
654,4195,1,50,2,13,2,2,0,8662.860750364334,14289.067308936412
655,4207,1,69,5,8,0,3,0,6000.336506599991,10375.992467065327
656,4213,1,41,5,1,2,0,1,10343.87017467322,21231.686690775234
657,4214,1,58,4,13,0,0,2,5547.931181512654,11582.492850231481
658,4216,1,74,3,2,2,2,0,23137.63964279677,14991.670112492284
659,4221,1,24,5,15,0,0,2,9257.634786012477,13111.565732196494
660,4234,1,33,2,7,2,0,0,6774.738283663237,13296.4186032912
661,4240,1,31,4,6,1,0,2,5233.963629096806,15263.963462789041
662,4245,1,38,2,5,1,2,1,7268.041781330381,9810.906951314202
663,4245,2,38,2,5,1,2,1,5369.7517434570145,9810.906951314202
664,4246,1,33,5,3,0,0,0,4818.263167106074,9771.74170621945
665,4248,1,28,5,18,1,0,0,9800.929962402228,17452.706222671204
666,4248,2,28,5,18,1,0,0,16042.214369009915,17452.706222671204
667,4259,1,52,3,12,2,3,1,7673.128444974278,16903.060851751692
668,4259,2,52,3,12,2,3,1,12278.468906604314,16903.060851751692
669,4268,1,70,3,16,0,4,1,13083.121044442756,9351.106897171137
670,4268,2,70,3,16,0,4,1,5929.06509185665,9351.106897171137
671,4272,1,48,4,10,0,3,0,4604.306546712198,9616.637977614208
672,4283,1,27,2,11,1,0,0,16193.937230649331,10543.343585342616
673,4286,1,61,4,17,2,1,1,17597.98963269795,21488.001745620342
674,4290,1,35,5,7,0,1,1,8006.022009363438,10252.224649575723
675,4302,1,55,3,0,2,0,1,16757.382585913292,14636.153296230978
676,4303,1,25,1,8,2,1,1,9213.857434221029,11240.178453864659
677,4322,1,43,3,0,0,3,0,6894.225849613515,7717.532750235283
678,4323,1,44,2,0,1,0,0,3347.467647098902,9239.564209042877
679,4334,1,68,4,9,0,1,2,5980.658926387989,11039.665274139254
680,4337,1,61,3,12,1,0,1,29388.055268279637,12274.141361097467
681,4339,1,60,3,6,2,0,0,7630.078114736367,15728.820356331807
682,4342,1,41,3,10,1,2,1,10697.497608048207,11983.06881038794
683,4346,1,46,4,5,0,1,0,20293.733668751946,9056.60857963643
684,4352,1,50,1,6,0,0,0,8516.290235639808,6790.297268953957
685,4358,1,32,5,6,0,1,2,11869.483156202066,11769.303233631188
686,4391,1,28,2,5,0,1,1,4101.496136551642,7414.923962738238
687,4401,1,39,1,11,1,0,1,5592.487421704655,9165.94257455677
688,4402,1,24,2,17,2,0,2,12631.599259842678,17417.835692379715
689,4405,1,32,5,6,1,4,0,15637.37105565833,15112.084488687642
690,4418,1,26,1,6,0,2,1,11753.567971709113,6790.297268953957
691,4420,1,23,4,2,2,2,1,16459.461733030224,17948.28776087006
692,4423,1,61,5,9,2,0,1,14676.848237962568,23370.971568751167
693,4424,1,43,4,1,2,2,1,14455.830551271358,17734.195430821725
694,4428,1,45,4,17,1,2,0,17160.441168582325,14991.670112492284
695,4430,1,70,5,9,2,0,0,24179.670902410806,23370.971568751167
696,4433,1,69,5,15,1,2,0,12621.927982547968,16835.583652712285
697,4434,1,24,4,8,0,0,1,4358.343767721353,9388.58623345996
698,4447,1,35,4,1,0,1,0,13418.172995405213,8632.159633587491
699,4448,1,28,1,14,0,2,1,5563.534134881826,7474.48126601463
700,4449,1,49,3,12,2,1,1,16629.78124888795,16903.060851751692
701,4453,1,45,4,9,1,1,1,8069.396092383871,13619.392837971931
702,4457,1,51,5,7,0,1,0,5989.480025293273,10252.224649575723
703,4460,1,55,5,12,0,0,0,12302.46130760782,10886.1868163127
704,4471,1,40,3,16,0,3,0,4005.682655440618,9351.106897171137
705,4474,1,25,2,13,0,2,0,3699.948872578314,8162.044760810268
706,4474,2,25,2,13,0,2,0,16087.382204249969,8162.044760810268
707,4485,1,44,3,1,0,2,0,10576.549836299966,7810.701034929542
708,4487,1,48,4,16,1,0,0,16014.18292337781,14812.845166711255
709,4494,1,32,5,10,0,4,1,5065.069510852445,10628.02862252103
710,4501,1,57,4,10,2,2,1,19174.725940701574,19756.740435949912
711,4502,1,48,3,1,0,1,0,6447.696033557863,7810.701034929542
712,4506,1,39,5,15,1,1,0,11347.385082683299,16835.583652712285
713,4521,1,74,4,13,0,1,0,8157.576005143232,9969.143983080436
714,4529,1,43,4,7,1,3,0,5203.060552205924,13296.4186032912
715,4529,2,43,4,7,1,3,0,3662.3255599086006,13296.4186032912
716,4533,1,58,5,3,1,0,1,14754.824423358197,14577.725616309404
717,4535,1,19,2,14,2,2,1,13587.086517914851,14461.5690571167
718,4542,1,53,5,17,1,0,0,17026.599144927004,17244.525331510835
719,4544,1,52,5,3,1,2,1,19135.043817746897,14577.725616309404
720,4545,1,43,2,18,0,4,0,9870.998159947343,8666.75742156741
721,4546,1,61,1,5,2,1,0,21091.541755022958,10842.729042538685
722,4547,1,51,5,3,1,1,1,23973.185184019436,14577.725616309404
723,4551,1,20,2,7,1,2,1,8920.93222078965,10049.216999956923
724,4557,1,26,3,8,0,2,0,7966.65059458262,8495.144126491869
725,4569,1,35,1,12,2,2,1,11470.26684655482,11792.865394405178
726,4585,1,51,1,11,0,2,0,2666.1816210747024,7210.185802082461
727,4585,2,51,1,11,0,2,0,10280.463916379693,7210.185802082461
728,4590,1,35,4,13,0,0,1,11824.611246874765,9969.143983080436
729,4608,1,45,3,8,2,0,2,6466.260523356685,18718.17020884131
730,4610,1,42,3,13,0,0,0,18183.23711958827,9020.454501679225
731,4611,1,23,5,2,0,0,2,7619.976060966162,11217.720562334416
732,4624,1,22,2,9,0,1,2,7256.640620485777,9038.513463624866
733,4646,1,40,2,2,1,4,2,8735.372262256626,10995.594812726089
734,4651,1,40,3,19,0,1,1,7581.526653482221,9693.879636114058
735,4659,1,41,4,14,0,0,1,32372.89446646466,10089.49436899169
736,4670,1,42,2,1,0,3,1,5262.576858117366,7067.414557496434
737,4673,1,29,1,2,2,2,0,7521.769492890957,10459.333325752485
738,4674,1,67,4,1,0,1,1,7500.391400933511,8632.159633587491
739,4697,1,22,3,13,1,0,1,6696.821776871895,12422.318341191714
740,4698,1,23,2,18,0,2,2,10163.055824226234,10069.335545796503
741,4713,1,68,5,9,1,2,0,8572.885293452979,15666.030737862866
742,4726,1,45,5,3,1,1,0,16505.271379551068,14577.725616309404
743,4737,1,21,3,4,1,3,1,5401.189652303977,11150.61575469762
744,4747,1,61,1,8,1,3,1,5502.9911287670375,8841.837535169898
745,4755,1,30,5,11,0,0,1,5320.316599363882,10756.333254129051
746,4759,1,43,3,10,1,2,1,7687.641005429577,11983.06881038794
747,4766,1,26,5,15,2,1,0,8081.736290378151,25115.73949232187
748,4766,2,26,5,15,2,1,0,5625.834117017636,25115.73949232187
749,4781,1,66,5,11,2,1,1,17237.807081796338,23938.659897568792
750,4787,1,49,2,3,0,1,0,2673.6578643535154,7239.084303762823
751,4789,1,35,5,9,1,0,0,34947.71116334959,15666.030737862866
752,4796,1,28,2,7,0,4,1,5359.104346298909,7595.03482292793
753,4830,1,45,4,12,2,2,1,25686.521776706133,20236.63794162165
754,4831,1,37,2,18,1,0,0,11684.370194334133,11467.245120772568
755,4867,1,44,4,2,2,0,1,8600.07501401853,17948.28776087006
756,4868,1,36,1,19,0,0,0,5413.473508795155,7936.677374722966
757,4869,1,70,5,19,2,2,0,34042.66756641396,26350.696862118024
758,4886,1,29,4,8,0,2,1,11702.202772665834,9388.58623345996
759,4886,2,29,4,8,0,2,1,12997.415594063317,9388.58623345996
760,4892,1,50,4,3,1,3,1,7592.761245044927,12673.265817922727
761,4893,1,21,4,6,2,1,0,22320.75589908467,18830.81683202421
762,4904,1,59,2,16,0,0,1,5215.113085342466,8461.231420614573
763,4905,1,28,2,10,1,1,0,15614.974287582094,10417.579555661321
764,4908,1,63,4,14,0,0,0,14868.500950105854,10089.49436899169
765,4909,1,63,4,14,2,0,1,8368.885868051155,20728.192310261038
766,4924,1,56,3,7,1,3,1,11565.442796756699,11559.351014081087
767,4924,2,56,3,7,1,3,1,5440.020768596231,11559.351014081087
768,4929,1,28,3,12,1,1,0,16636.01636552393,12274.141361097467
769,4929,2,28,3,12,1,1,0,5672.950906633066,12274.141361097467
770,4939,1,34,2,15,0,2,0,8581.961949548826,8360.303422687824
771,4941,1,59,2,3,2,0,0,16355.214466678388,12673.265817922727
772,4947,1,39,5,15,1,2,1,15017.83383223834,16835.583652712285
773,4964,1,31,5,12,2,0,1,33453.024284672676,24227.654314919044
774,4966,1,24,3,1,1,1,0,10864.631530167278,10756.333254129051
775,4967,1,30,1,15,1,0,0,19567.865773223093,9616.637977614191
776,4973,1,65,2,16,2,0,0,6947.1913365752225,14812.845166711255
777,4985,1,28,2,12,1,1,1,7426.609539849998,10670.625874719184
778,4995,1,54,4,7,2,3,0,5699.839654793914,19058.147892404617
779,5008,1,65,3,17,1,1,1,9517.361246768774,13033.131874677301
780,5010,1,33,3,11,0,2,0,3940.844512626833,8806.540825510823
781,5028,1,23,4,14,0,1,0,4044.971501868436,10089.49436899169
782,5033,1,38,1,19,1,1,1,3686.7823494532595,10089.494368991673
783,5041,1,38,5,19,2,1,0,17462.34904976182,26350.696862118024
784,5058,1,65,2,13,2,1,0,14124.044957268432,14289.067308936412
785,5065,1,47,2,4,0,1,1,8192.050788942432,7326.47662060374
786,5072,1,51,5,19,2,0,0,39303.349335202794,26350.696862118024
787,5076,1,39,5,10,2,2,1,34177.24178660306,23653.112688609992
788,5083,1,18,4,3,1,2,0,5856.065795848253,12673.265817922727
789,5090,1,48,3,8,0,1,0,4854.070760518318,8495.144126491869
790,5106,1,54,2,12,1,0,0,10199.007083650893,10670.625874719184
791,5106,2,54,2,12,1,0,0,10287.524112306493,10670.625874719184
792,5112,1,57,5,8,0,3,1,19054.34109380361,10375.992467065327
793,5120,1,19,5,5,0,3,0,7343.955962474099,10009.100418608576
794,5122,1,53,5,5,0,2,0,13123.947294798805,10009.100418608576
795,5124,1,56,2,6,1,2,0,7890.562150836503,9929.347054068665
796,5128,1,47,3,18,1,2,1,13804.620799500397,13190.471607498073
797,5142,1,18,4,13,0,3,0,10610.353215379586,9969.143983080436
798,5144,1,49,5,18,2,3,0,22108.736857506796,26036.378183658442
799,5163,1,34,4,4,0,0,0,4497.136805455997,8948.578752001418
800,5164,1,65,5,3,1,0,1,14591.148361170215,14577.725616309404
801,5167,1,59,5,5,0,0,0,12255.86510169433,10009.100418608576
802,5176,1,27,5,9,2,0,0,21308.27875988997,23370.971568751167
803,5177,1,29,4,8,1,2,1,2531.1645319046997,13456.936809554429
804,5184,1,68,5,17,2,3,0,20067.750668403856,25725.80878864843
805,5184,2,68,5,17,2,3,0,32118.632263978805,25725.80878864843
806,5184,3,68,5,17,2,3,0,12901.633099112325,25725.80878864843
807,5188,1,25,5,7,0,0,0,15840.329039073895,10252.224649575723
808,5189,1,64,2,17,1,1,0,6953.525421466627,11330.46052828938
809,5193,1,46,4,15,1,2,0,10552.729196650478,14636.153296230952
810,5202,1,41,5,14,0,0,0,10736.367627653406,11150.61575469762
811,5209,1,45,3,0,0,1,0,3996.953715039823,7717.532750235283
812,5223,1,70,1,18,0,3,1,11131.430540646063,7842.006408075048
813,5231,1,25,5,19,0,2,0,20401.640028837875,11840.131324822405
814,5235,1,39,3,16,0,3,1,4389.3870065107985,9351.106897171137
815,5238,1,64,4,5,2,4,2,16780.39665400731,21617.317314855296
816,5253,1,58,1,9,0,0,1,17142.52534921244,7039.201363272482
817,5257,1,21,5,16,1,3,1,26813.89703127434,17038.82768179685
818,5259,1,56,2,2,0,1,1,2531.5123210688894,7152.734427570845
819,5260,1,31,5,14,2,2,1,40532.83569452012,24816.151739972494
820,5273,1,31,4,13,0,0,1,1305.6260011573484,9969.143983080436
821,5277,1,32,3,14,0,1,2,12785.263598603282,10606.793807169623
822,5300,1,66,4,8,0,0,0,5038.01685340578,9388.58623345996
823,5302,1,74,5,2,1,1,1,15946.073487079184,14403.838319338069
824,5310,1,43,2,5,0,0,1,7301.060268807142,7414.923962738238
825,5312,1,70,4,9,0,1,0,8792.194842313591,9501.927958514374
826,5317,1,48,1,9,2,0,0,13495.678600939735,11375.873135065982
827,5322,1,65,3,19,2,2,1,12030.661564856755,18384.25737617396
828,5322,2,65,3,19,2,2,1,11368.594982929146,18384.25737617396
829,5333,1,40,4,4,0,0,1,12833.37597519424,8948.578752001418
830,5334,1,69,4,1,0,1,2,8648.485908355055,10029.138650998779
831,5336,1,21,2,13,1,4,1,6786.785570197964,10799.444752660644
832,5339,1,40,4,6,1,1,1,10240.006908189993,13137.815104283169
833,5347,1,46,4,5,1,2,1,9646.8364829848,12981.10347335243
834,5347,2,46,4,5,1,2,1,9225.993046040057,12981.10347335243
835,5348,1,44,3,12,2,4,0,18540.5293558111,16903.060851751692
836,5349,1,35,2,19,0,0,1,4672.0688526723225,8771.385020692798
837,5356,1,64,5,13,0,1,0,21860.000650360882,11017.60800820932
838,5356,2,64,5,13,0,1,0,10711.922542592261,11017.60800820932
839,5360,1,37,5,11,2,2,0,7495.944719557759,23938.659897568792
840,5364,1,66,4,6,0,1,1,9166.24214712157,9165.942574556786
841,5373,1,38,4,12,0,0,1,5076.203901324222,9850.22917112949
842,5378,1,32,2,2,1,2,1,8013.355390363174,9463.996160851331
843,5380,1,47,2,12,0,2,0,6375.000662565576,8064.685547269543
844,5385,1,21,3,4,0,3,0,10104.940240037766,8097.008893052415
845,5391,1,28,2,1,1,0,0,11597.114616572488,9351.106897171121
846,5402,1,57,1,10,1,2,0,8793.366560790839,9056.608579636397
847,5404,1,48,3,14,0,1,1,22432.80586378656,9129.352034126798
848,5406,1,40,3,13,2,0,1,9871.035652344837,17107.119485074934
849,5410,1,58,3,7,0,0,0,15292.457810416938,8393.811608071786
850,5414,1,68,1,4,2,0,1,19818.48345558886,10713.393857158993
851,5417,1,38,3,18,2,1,0,18798.56897483071,18164.96467537078
852,5417,2,38,3,18,2,1,0,20096.950475760437,18164.96467537078
853,5417,3,38,3,18,2,1,0,26341.36745649158,18164.96467537078
854,5424,1,32,4,4,0,0,0,6466.0256809332805,8948.578752001418
855,5432,1,30,1,5,2,1,0,7055.952141328413,10842.729042538685
856,5441,1,47,3,16,2,1,2,13797.956710057588,20604.195518764143
857,5448,1,41,2,19,0,3,0,8855.85566402453,8771.385020692798
858,5449,1,42,4,2,2,0,0,11920.32914573612,17948.28776087006
859,5457,1,27,5,7,2,2,1,13184.36282743386,22816.745565730133
860,5457,2,27,5,7,2,2,1,11095.535603702107,22816.745565730133
861,5457,3,27,5,7,2,2,1,11417.406453529937,22816.745565730133
862,5461,1,69,4,6,1,1,0,7943.925246749922,13137.815104283169
863,5480,1,50,3,14,1,1,0,7697.861233949854,12572.28415659294
864,5484,1,66,3,3,0,1,1,7295.425027771858,8000.425446016581
865,5486,1,27,5,4,2,0,0,12345.767867467383,22009.95213885567
866,5488,1,61,5,11,0,4,1,12117.725345044902,10756.333254129051
867,5491,1,45,4,16,0,0,0,26220.043156384036,10334.571394570143
868,5493,1,28,1,13,0,2,1,12622.62297049051,7385.323507265496
869,5494,1,29,3,17,2,4,1,8607.890438020208,17948.28776087009
870,5509,1,50,5,9,2,1,0,17042.515692054018,23370.971568751167
871,5522,1,55,2,16,0,2,0,3616.0360137012217,8461.231420614573
872,5524,1,70,5,11,0,4,1,10293.71787417901,10756.333254129051
873,5529,1,19,3,17,0,2,2,10863.365070141013,10995.594812726127
874,5538,1,65,5,12,0,0,1,10297.7421485423,10886.1868163127
875,5549,1,30,2,5,1,2,1,4735.487340662282,9810.906951314202
876,5553,1,55,3,17,1,2,1,7838.2209222526935,13033.131874677301
877,5559,1,48,3,12,1,0,0,17848.66345565934,12274.141361097467
878,5560,1,25,4,15,0,0,1,10919.192778177763,10211.297659526826
879,5562,1,24,4,2,2,1,0,9571.586709578443,17948.28776087006
880,5563,1,62,2,7,1,1,0,4263.444496108602,10049.216999956923
881,5568,1,38,2,10,1,3,2,9996.467143505342,12103.50065411342
882,5570,1,30,2,11,2,0,0,11210.338049314962,13950.21221948351
883,5570,2,30,2,11,2,0,0,5910.990929215347,13950.21221948351
884,5579,1,43,5,0,0,0,1,6839.379936708318,9426.215787328809
885,5580,1,39,2,5,0,0,1,4882.781689672438,7414.923962738238
886,5583,1,58,1,15,0,0,1,4707.735987174388,7564.715362982049
887,5585,1,44,5,3,1,4,0,9903.216263694318,14577.725616309404
888,5617,1,63,2,10,0,3,1,7870.467452216266,7873.437253490392
889,5619,1,69,5,16,2,2,1,22954.212733408567,25418.94395455835
890,5624,1,67,3,13,1,0,0,21298.051894085645,12422.318341191714
891,5633,1,47,1,17,0,1,0,7426.423171593257,7748.464703900959
892,5636,1,52,4,16,1,0,1,19823.962258602212,14812.845166711255
893,5638,1,42,5,5,0,0,0,4154.958090887829,10009.100418608576
894,5643,1,56,4,14,1,4,0,13514.209510430783,14461.5690571167
895,5654,1,44,4,17,1,0,0,10500.438483797478,14991.670112492284
896,5655,1,31,3,19,1,1,1,17088.151231190026,13349.710791023594
897,5681,1,28,5,18,1,0,0,17253.28623487014,17452.706222671204
898,5709,1,48,1,19,2,3,1,26220.7051943375,12826.261143753285
899,5711,1,33,4,5,2,0,0,9580.471878248993,18606.19744180746
900,5717,1,29,4,16,0,1,0,6007.61484077127,10334.571394570143
901,5723,1,56,5,17,0,0,0,11988.133327821106,11559.351014081107
902,5731,1,65,4,13,1,0,0,11437.210250048523,14289.067308936412
903,5745,1,18,5,14,0,0,0,5704.703084496823,11150.61575469762
904,5745,2,18,5,14,0,0,0,11769.841266963429,11150.61575469762
905,5752,1,30,1,7,2,0,1,7270.657404540602,11106.102377783815
906,5755,1,26,1,4,1,0,0,9281.67043549993,8427.454094620514
907,5757,1,36,1,10,2,0,0,3885.706300225196,11513.205961656337
908,5760,1,18,5,6,0,2,1,7410.3450872385265,10129.933170151586
909,5768,1,36,4,17,0,3,0,9801.644779611732,10459.333325752503
910,5771,1,36,4,1,0,0,0,8144.683888233093,8632.159633587491
911,5778,1,24,4,17,1,2,2,21992.709763114508,17417.835692379715
912,5797,1,67,4,2,1,2,1,9410.127446808023,12522.09546426946
913,5799,1,50,5,8,1,1,1,17020.9979493684,15479.16182490781
914,5799,2,50,5,8,1,1,1,12807.637369178181,15479.16182490781
915,5811,1,56,2,2,1,2,0,12177.085261463937,9463.996160851331
916,5815,1,51,5,12,1,3,0,5992.369849855062,16240.282355712054
917,5817,1,41,1,5,1,1,0,1750.4497312030683,8529.192754856387
918,5818,1,70,3,6,2,0,1,26943.98048826948,15728.820356331807
919,5847,1,24,5,3,1,0,0,9166.423451962846,14577.725616309404
920,5849,1,52,1,14,0,1,0,2517.8097672697713,7474.48126601463
921,5851,1,27,1,8,0,1,1,5472.976995270423,6955.235748188675
922,5866,1,50,1,9,0,0,0,4549.522142628674,7039.201363272482
923,5870,1,56,4,19,2,1,1,23178.73165947026,22009.95213885567
924,5875,1,58,4,7,1,1,1,14983.952159335617,13296.4186032912
925,5882,1,74,1,13,0,2,0,5046.267306289581,7385.323507265496
926,5887,1,74,2,1,0,2,2,11765.581512774237,8211.164240455717
927,5889,1,55,3,5,0,2,2,4204.836495244653,9520.950830962902
928,5904,1,62,4,2,1,2,0,2954.8970145171875,12522.09546426946
929,5904,2,62,4,2,1,2,0,11674.792845364016,12522.09546426946
930,5911,1,29,5,16,0,1,0,8519.60053385678,11421.467756055408
931,5916,1,18,2,8,0,2,0,2330.895654978912,7686.7242772582385
932,5921,1,26,4,2,1,0,0,15049.921329262756,12522.09546426946
933,5930,1,32,1,9,0,1,1,2377.7335843947194,7039.201363272482
934,5933,1,37,4,17,2,1,1,17363.803711515196,21488.001745620342
935,5933,2,37,4,17,2,1,1,28164.49208468897,21488.001745620342
936,5939,1,74,2,13,1,1,2,12422.202330882723,12547.164716093414
937,5949,1,71,2,16,0,2,0,8121.373367916776,8461.231420614573
938,5953,1,29,5,17,2,2,0,17037.765099148804,25725.80878864843
939,5954,1,55,5,13,0,2,1,10390.768593285009,11017.60800820932
940,5956,1,58,5,9,2,0,0,26574.288431625486,23370.971568751167
941,5959,1,52,2,2,0,1,1,4313.367983651029,7152.734427570845
942,5960,1,67,3,16,2,1,0,8184.801769902866,17734.195430821725
943,5969,1,28,4,19,0,0,2,16507.411133786383,12447.187839082164
944,5970,1,21,4,7,0,0,0,22080.23432065256,9276.59648104672
945,5979,1,29,3,14,0,0,2,20745.723646453673,10606.793807169623
946,5979,2,29,3,14,0,0,2,2150.5459315634425,10606.793807169623
947,5984,1,64,5,8,1,0,1,26483.16689468368,15479.16182490781
948,6000,1,23,5,10,0,2,1,6445.448057269698,10628.02862252103
949,6002,1,65,3,7,1,1,0,26751.973159401907,11559.351014081087
950,6026,1,61,4,19,0,4,0,5202.014376945847,10713.393857158993
951,6027,1,43,1,6,1,2,1,3989.609227480968,8632.15963358746
952,6027,2,43,1,6,1,2,1,7218.971041495595,8632.15963358746
953,6030,1,33,1,4,1,1,0,5808.434422613762,8427.454094620514
954,6030,2,33,1,4,1,1,0,5969.247855808737,8427.454094620514
955,6055,1,66,5,2,0,1,0,13942.738170595707,9655.181565308612
956,6056,1,67,4,9,0,0,0,16125.004701383192,9501.927958514374
957,6058,1,52,5,4,0,2,0,5058.730077204482,9889.708994821636
958,6065,1,39,1,14,0,0,1,15838.128193422748,7474.48126601463
959,6069,1,26,3,13,0,0,2,4578.629475238075,10480.27292502342
960,6071,1,25,4,16,2,4,0,13089.621809623937,21231.686690775234
961,6071,2,25,4,16,2,4,0,73525.74993061613,21231.686690775234
962,6080,1,54,5,19,1,0,1,18607.671302985927,17663.40033368609
963,6103,1,45,2,5,0,0,1,4440.956692320178,7414.923962738238
964,6106,1,54,5,2,0,0,0,9596.574311035278,9655.181565308612
965,6107,1,19,4,0,2,2,1,22204.792791637883,17522.656855560235
966,6120,1,33,5,11,1,1,1,16606.434323816764,16046.56360456979
967,6130,1,39,5,7,0,1,1,17822.866893104954,10252.224649575723
968,6140,1,43,5,12,2,1,1,12940.686411349507,24227.654314919044
969,6156,1,52,2,15,0,0,0,5016.051731373708,8360.303422687824
970,6163,1,30,4,8,0,4,0,4946.301521313745,9388.58623345996
971,6179,1,63,2,5,0,4,0,4036.5045680289295,7414.923962738238
972,6184,1,70,1,13,0,3,2,7550.259301943626,8580.521744367199
973,6191,1,69,1,9,2,1,0,5447.668779134046,11375.873135065982
974,6211,1,21,3,10,1,3,0,12086.640897320702,11983.06881038794
975,6223,1,56,4,6,0,1,1,11159.12006170698,9165.942574556786
976,6228,1,55,4,1,0,0,2,4400.889143464524,10029.138650998779
977,6230,1,43,1,2,0,2,0,3934.271925669907,6472.061751340123
978,6232,1,54,5,16,0,2,0,7414.911466761383,11421.467756055408
979,6233,1,26,2,11,0,1,2,7054.22554022145,9258.06182891497
980,6238,1,33,2,10,0,0,0,6182.356463927831,7873.437253490392
981,6248,1,43,1,18,0,0,1,11091.530821062304,7842.006408075048
982,6251,1,56,1,19,0,0,1,11694.148328741823,7936.677374722966
983,6258,1,57,4,11,2,1,1,11018.895461264156,19995.24951354483
984,6268,1,20,5,10,0,3,1,13365.430951449216,10628.02862252103
985,6281,1,18,1,6,1,1,2,18365.167126908185,10029.138650998744
986,6311,1,45,2,8,2,1,1,22499.43688312773,13456.936809554429
987,6336,1,28,5,6,2,0,1,21691.566746587592,22544.58087306582
988,6360,1,46,2,19,0,0,1,7318.142123417447,8771.385020692798
989,6363,1,61,5,3,1,0,1,5790.708929055359,14577.725616309404
990,6364,1,32,4,18,1,1,0,10392.044083049122,15172.653884675214
991,6369,1,19,3,2,0,0,2,3471.4149510532166,9184.292803818425
992,6380,1,34,5,15,2,1,0,40419.39741430867,25115.73949232187
993,6390,1,54,5,7,0,1,0,7623.095069376829,10252.224649575723
994,6391,1,61,1,16,0,1,0,6275.8581093643415,7656.038792033628
995,6395,1,50,4,9,0,1,0,5816.192729931423,9501.927958514374
996,6403,1,35,1,2,1,0,2,3783.2525250745157,9559.11090355181
997,6409,1,47,5,16,0,2,1,14528.883439953383,11421.467756055408
998,6411,1,66,5,6,2,1,1,25542.763261146254,22544.58087306582
999,6420,1,23,5,18,2,0,0,37401.802456044534,26036.378183658442
1000,6428,1,51,4,7,2,0,0,6249.6258675112795,19058.147892404617
1001,6437,1,64,1,7,0,0,1,12201.657207795744,6872.271699071312
1002,6439,1,22,4,12,0,1,0,7902.307678526039,9850.22917112949
1003,6448,1,57,5,4,1,0,1,19448.83567826219,14753.712130959919
1004,6462,1,43,2,9,2,0,2,3192.105209214963,15823.476964324125
1005,6463,1,31,3,14,0,1,0,9834.135231656765,9129.352034126798
1006,6468,1,23,4,13,2,3,1,16908.447938215755,20480.940480531146
1007,6476,1,34,3,13,0,0,0,6868.035063708356,9020.454501679225
1008,6485,1,58,1,19,1,2,1,8216.875552526191,10089.494368991673
1009,6488,1,35,2,3,1,0,0,5932.152311404841,9578.248256332583
1010,6493,1,34,3,3,2,3,2,6969.124786072445,17628.108836280007
1011,6495,1,34,4,1,0,1,0,3701.927832058078,8632.159633587491
1012,6503,1,47,1,11,1,1,1,7996.431544694396,9165.94257455677
1013,6504,1,49,1,0,1,1,2,16502.61835704432,9332.423373128657
1014,6524,1,57,1,3,2,1,0,16726.870643909046,10585.601419007568
1015,6525,1,34,4,17,1,2,0,14627.82267168829,14991.670112492284
1016,6531,1,21,3,1,2,1,1,9732.310995646063,14812.84516671128
1017,6536,1,61,1,8,0,0,0,18595.667288808592,6955.235748188675
1018,6537,1,37,4,2,0,3,0,10921.554997233034,8736.369558222243
1019,6541,1,71,5,14,1,1,0,19832.028770776415,16634.76397676574
1020,6548,1,58,4,4,1,0,1,5298.312647114649,12826.261143753285
1021,6550,1,58,2,12,1,0,0,10556.993550276624,10670.625874719184
1022,6554,1,45,3,10,0,2,2,4399.246158734972,10109.693550177806
1023,6566,1,33,2,19,1,4,2,36421.213347702804,13483.877614998699
1024,6566,2,33,2,19,1,4,2,7298.737300847966,13483.877614998699
1025,6573,1,19,1,3,1,1,1,5126.970409562999,8326.929002336978
1026,6574,1,53,3,18,0,1,1,5761.195289111888,9578.2482563326
1027,6589,1,31,3,5,2,0,1,10898.81387073242,15541.202470778391
1028,6593,1,39,5,15,0,0,1,14026.78047881807,11285.229209122972
1029,6597,1,67,5,16,1,1,1,14671.567000736368,17038.82768179685
1030,6611,1,37,5,13,0,1,0,9694.196158509916,11017.60800820932
1031,6619,1,36,1,11,1,0,0,11701.942390026434,9165.94257455677
1032,6622,1,71,5,11,0,0,0,4013.6145811763095,10756.333254129051
1033,6629,1,42,5,9,1,0,2,23611.26277332723,18201.330958882918
1034,6633,1,28,2,15,1,0,1,10240.02070413873,11061.766698744965
1035,6637,1,23,4,8,0,0,0,5483.342952003602,9388.58623345996
1036,6646,1,58,1,15,0,0,1,6991.655751997457,7564.715362982049
1037,6650,1,52,5,13,2,1,1,22433.68517025585,24520.137556356232
1038,6655,1,23,1,8,0,2,1,1412.1425227093898,6955.235748188675
1039,6657,1,68,4,19,0,0,1,19616.818068221964,10713.393857158993
1040,6675,1,50,2,18,0,0,1,14484.125050986895,8666.75742156741
1041,6687,1,28,5,16,1,4,0,7141.358939724662,17038.82768179685
1042,6694,1,63,4,16,2,0,1,12043.803274223574,21231.686690775234
1043,6700,1,40,1,14,0,0,1,13527.607525174717,7474.48126601463
1044,6713,1,50,1,6,1,2,1,10694.216330904996,8632.15963358746
1045,6717,1,50,3,8,0,1,0,9043.978182768062,8495.144126491869
1046,6723,1,28,4,17,0,3,0,11426.957378445068,10459.333325752503
1047,6724,1,37,5,0,2,0,1,22152.136134828226,20978.42903550213
1048,6732,1,36,5,4,2,2,2,12238.565250500928,25571.91607573314
1049,6733,1,51,5,17,2,0,0,16211.055403684639,25725.80878864843
1050,6748,1,27,3,13,1,1,0,18482.183225683013,12422.318341191714
1051,6748,2,27,3,13,1,1,0,15320.401120896388,12422.318341191714
1052,6749,1,38,2,7,1,1,1,10099.086216185435,10049.216999956923
1053,6749,2,38,2,7,1,1,1,6048.897167824012,10049.216999956923
1054,6751,1,59,3,13,2,2,0,25338.344253929747,17107.119485074934
1055,6752,1,42,3,18,0,0,0,4838.485381330384,9578.2482563326
1056,6759,1,34,2,8,0,1,1,14920.085109056268,7686.7242772582385
1057,6761,1,19,4,3,0,1,0,5100.287141952365,8841.837535169914
1058,6765,1,45,2,12,1,2,2,6598.850824384098,12397.498532591191
1059,6780,1,33,3,19,0,2,0,8472.683296028887,9693.879636114058
1060,6781,1,68,1,14,1,2,0,9181.451808768074,9501.927958514341
1061,6782,1,25,4,15,0,2,0,9259.259307265593,10211.297659526826
1062,6810,1,68,5,1,0,4,0,3961.8234510156635,9540.01178722743
1063,6819,1,59,4,7,0,2,1,10055.258898872911,9276.59648104672
1064,6846,1,55,4,19,1,0,2,26282.098513785633,17840.920458314216
1065,6847,1,24,4,3,0,0,1,7269.215996939892,8841.837535169914
1066,6848,1,40,5,10,0,1,1,3903.444255732854,10628.02862252103
1067,6860,1,64,3,19,2,3,1,14069.728367560614,18384.25737617396
1068,6862,1,50,1,19,2,1,0,5913.07697801593,12826.261143753285
1069,6869,1,60,5,11,0,1,0,3195.7176878494406,10756.333254129051
1070,6869,2,60,5,11,0,1,0,6839.592586143043,10756.333254129051
1071,6870,1,22,4,16,0,1,1,21704.448580089826,10334.571394570143
1072,6877,1,43,3,6,1,4,0,9382.5011280589,11421.467756055386
1073,6886,1,20,2,7,0,1,2,6527.783562876169,8824.171531991415
1074,6903,1,64,3,11,1,2,2,17899.14730099956,14090.41418314892
1075,6915,1,29,2,1,0,2,1,8502.434507619004,7067.414557496434
1076,6918,1,19,4,11,1,3,1,5355.077757849592,13950.21221948351
1077,6921,1,32,1,5,0,1,1,16122.815767684326,6709.300653377035
1078,6923,1,44,3,2,2,3,1,14368.262858837512,14991.670112492284
1079,6927,1,40,2,13,0,1,1,11552.679654039388,8162.044760810268
1080,6936,1,35,3,14,2,1,1,10729.303669683375,17313.641573165245
1081,6947,1,44,4,18,2,1,0,6378.206290724935,21747.411109848224
1082,6949,1,39,1,5,0,1,0,5408.441052291492,6709.300653377035
1083,6961,1,34,1,7,0,4,1,3221.919265784124,6872.271699071312
1084,6972,1,60,5,17,0,2,2,21985.209624022147,13430.049831875338
1085,6972,2,60,5,17,0,2,2,5295.705073032246,13430.049831875338
1086,6975,1,35,4,18,2,0,0,18969.908558416024,21747.411109848224
1087,6976,1,60,1,2,1,1,1,9834.650177326292,8227.60300221878
1088,6985,1,72,5,10,0,0,0,11543.029237002025,10628.02862252103
1089,6996,1,61,5,8,0,1,1,6771.464258997864,10375.992467065327
1090,6998,1,40,3,1,0,3,1,2522.3690103814065,7810.701034929542
1091,7001,1,69,5,18,0,0,0,4390.279642452246,11698.898838627467
1092,7002,1,41,1,16,0,0,0,4339.521889743144,7656.038792033628
1093,7008,1,54,3,4,2,1,2,7061.593154359166,17840.920458314245
1094,7011,1,19,2,3,0,1,0,5969.980288370483,7239.084303762823
1095,7014,1,46,3,2,0,0,1,4467.623704236422,7904.994074069774
1096,7038,1,48,3,8,2,0,1,6801.945836297325,16110.878402831602
1097,7038,2,48,3,8,2,0,1,6333.0001791397635,16110.878402831602
1098,7039,1,64,1,19,0,1,0,2842.4756320092697,7936.677374722966
1099,7044,1,67,2,16,0,3,1,7051.298971035021,8461.231420614573
1100,7054,1,24,5,14,0,4,1,6401.964686095044,11150.61575469762
1101,7067,1,18,5,19,2,2,1,22974.857820020534,26350.696862118024
1102,7080,1,35,2,18,2,2,1,12499.482426732528,15172.653884675214
1103,7084,1,49,1,19,0,2,0,6100.822930026074,7936.677374722966
1104,7085,1,48,2,9,0,2,1,9547.266694300926,7779.520633167196
1105,7093,1,42,5,2,2,3,0,8214.659670323117,21488.001745620302
1106,7096,1,74,3,5,1,0,0,13890.750313448485,11285.229209122972
1107,7099,1,31,4,5,2,0,0,19848.959477987668,18606.19744180746
1108,7105,1,34,2,1,0,1,1,5449.193251857534,7067.414557496434
1109,7107,1,26,3,6,1,0,1,6295.6381494147245,11421.467756055386
1110,7108,1,47,4,19,0,1,1,9411.976392183025,10713.393857158993
1111,7121,1,47,5,2,1,0,0,15846.949904606901,14403.838319338069
1112,7122,1,58,2,0,2,0,1,4865.6416588174625,12225.142857990617
1113,7123,1,52,3,12,2,2,2,23609.624754905075,19638.55490448502
1114,7129,1,34,3,5,1,1,0,25244.190805647253,11285.229209122972
1115,7147,1,68,3,3,2,2,0,12585.008578357581,15172.653884675241
1116,7147,2,68,3,3,2,2,0,26709.649138693003,15172.653884675241
1117,7149,1,34,3,7,1,1,1,12903.12115884365,11559.351014081087
1118,7153,1,26,4,16,0,1,1,10269.351783412443,10334.571394570143
1119,7165,1,53,2,19,0,1,0,5128.686931069129,8771.385020692798
1120,7165,2,53,2,19,0,1,0,6250.566104400117,8771.385020692798
1121,7185,1,31,2,10,2,0,1,6908.786812610817,13783.8100824925
1122,7188,1,22,3,2,0,1,1,11416.164610342612,7904.994074069774
1123,7205,1,18,2,19,0,1,1,5006.545273409239,8771.385020692798
1124,7218,1,29,2,7,0,0,2,19992.494794862774,8824.171531991415
1125,7223,1,40,1,4,0,0,1,7252.414856150392,6629.270188687913
1126,7241,1,46,1,6,0,0,1,7249.77843517488,6790.297268953957
1127,7256,1,56,5,6,2,0,1,9358.653111553318,22544.58087306582
1128,7267,1,62,5,17,1,1,1,21375.848443198534,17244.525331510835
1129,7276,1,30,2,5,2,1,0,9885.464679383826,12981.10347335243
1130,7291,1,56,5,3,0,0,2,7156.320705312598,11353.144125381861
1131,7299,1,42,1,19,0,1,1,4756.3902721766535,7936.677374722966
1132,7304,1,29,5,5,0,2,1,4347.41580596997,10009.100418608576
1133,7305,1,69,5,0,1,0,0,12154.330675758092,14062.26151683315
1134,7319,1,48,5,7,0,4,1,8039.841596056979,10252.224649575723
1135,7340,1,50,5,14,0,0,1,4654.167535591465,11150.61575469762
1136,7353,1,39,1,13,0,2,0,8426.345877342836,7385.323507265496
1137,7354,1,36,4,9,2,2,1,54104.12166542849,19521.07636311762
1138,7357,1,34,5,4,1,0,0,5795.226844288776,14753.712130959919
1139,7357,2,34,5,4,1,0,0,11916.97527264869,14753.712130959919
1140,7367,1,59,2,6,0,2,1,16059.790094859527,7504.439066736405
1141,7373,1,51,3,19,0,0,1,5434.073261420357,9693.879636114058
1142,7380,1,39,5,6,1,0,0,16544.71843357734,15112.084488687642
1143,7385,1,53,1,2,2,4,0,11157.615750104347,10459.333325752485
1144,7395,1,51,3,13,1,2,1,15337.245463720572,12422.318341191714
1145,7407,1,74,4,12,1,2,2,38636.43623233913,16403.499906881054
1146,7409,1,48,2,15,0,0,1,2685.395190482615,8360.303422687824
1147,7410,1,21,3,2,0,0,0,7547.587743628866,7904.994074069774
1148,7411,1,22,1,0,0,3,1,4123.499572330915,6318.581400504115
1149,7418,1,43,1,18,0,1,1,6595.382075015537,7842.006408075048
1150,7418,2,43,1,18,0,1,1,6910.3156589071905,7842.006408075048
1151,7421,1,58,4,14,1,0,1,10574.740762091065,14461.5690571167
1152,7433,1,39,2,2,2,1,1,5919.408082704259,12522.09546426946
1153,7435,1,41,3,18,0,1,1,4700.638419429494,9578.2482563326
1154,7438,1,71,3,12,0,4,1,24663.6684157545,8912.8559302673
1155,7441,1,27,3,12,0,2,0,3583.6429699914647,8912.8559302673
1156,7455,1,52,4,15,0,1,0,17234.246656332252,10211.297659526826
1157,7456,1,32,2,13,2,1,0,6951.622312259696,14289.067308936412
1158,7476,1,59,2,7,0,2,0,6880.59887234092,7595.03482292793
1159,7488,1,47,4,14,1,3,0,36698.765906683315,14461.5690571167
1160,7489,1,18,5,16,1,0,1,22678.19151403192,17038.82768179685
1161,7493,1,29,4,4,1,2,0,4999.217899618739,12826.261143753285
1162,7505,1,61,5,11,0,1,0,7682.000821114508,10756.333254129051
1163,7507,1,27,2,15,0,4,1,7085.264437167144,8360.303422687824
1164,7508,1,60,5,1,2,1,1,32170.76817962691,21231.686690775234
1165,7529,1,63,5,5,0,0,1,8830.729943789058,10009.100418608576
1166,7530,1,21,2,13,0,0,1,6429.307600400011,8162.044760810268
1167,7539,1,34,4,13,1,1,1,31633.863166320512,14289.067308936412
1168,7548,1,64,4,10,0,4,2,22906.698133537597,11172.939302313456
1169,7571,1,57,1,10,0,0,0,8993.57061262883,7124.180635516386
1170,7573,1,29,2,15,0,2,1,5093.075231510044,8360.303422687824
1171,7581,1,18,5,18,0,1,0,2339.7635370620437,11698.898838627467
1172,7596,1,62,4,7,0,2,0,3946.224413235261,9276.59648104672
1173,7599,1,18,2,6,1,0,1,3651.549347361478,9929.347054068665
1174,7620,1,63,5,19,1,1,0,14681.562666111415,17663.40033368609
1175,7640,1,65,5,16,2,2,2,42525.30181670535,29532.59950039698
1176,7640,2,65,5,16,2,2,2,75259.7718414204,29532.59950039698
1177,7648,1,19,4,16,0,4,1,17898.73613025275,10334.571394570143
1178,7649,1,49,5,2,0,0,1,5617.613532493218,9655.181565308612
1179,7653,1,34,1,2,1,0,0,8132.951640246272,8227.60300221878
1180,7655,1,25,3,13,2,0,0,18347.99365759928,17107.119485074934
1181,7664,1,53,3,0,0,0,1,2813.8000591439304,7717.532750235283
1182,7665,1,62,3,19,0,3,1,5153.8630911479495,9693.879636114058
1183,7666,1,41,1,8,2,2,0,7624.271027369253,11240.178453864659
1184,7668,1,44,3,16,2,0,0,49191.14127998318,17734.195430821725
1185,7669,1,34,5,7,0,0,2,12664.396027542187,11911.385662020051
1186,7670,1,34,2,14,1,0,2,5297.4113428786895,12698.637712996335
1187,7677,1,61,5,2,0,1,1,6570.462917701729,9655.181565308612
1188,7680,1,34,4,10,1,0,1,15166.445646188036,13783.8100824925
1189,7682,1,56,1,2,0,3,0,4845.853333860932,6472.061751340123
1190,7682,2,56,1,2,0,3,0,4573.860132937054,6472.061751340123
1191,7684,1,54,1,11,0,1,1,9270.539663149437,7210.185802082461
1192,7694,1,59,5,15,0,1,1,20969.253557611955,11285.229209122972
1193,7694,2,59,5,15,0,1,1,18937.270781159215,11285.229209122972
1194,7699,1,22,1,6,0,1,1,4948.633135729863,6790.297268953957
1195,7701,1,48,2,16,0,0,0,6642.311263678275,8461.231420614573
1196,7703,1,46,1,11,0,1,1,5229.021279464791,7210.185802082461
1197,7705,1,71,2,12,1,1,2,19049.491018423436,12397.498532591191
1198,7707,1,66,4,14,1,0,1,10037.659580462774,14461.5690571167
1199,7708,1,40,3,7,0,0,1,2505.158651665365,8393.811608071786
1200,7712,1,30,1,11,2,1,1,13060.820574670237,11652.196709800106
1201,7714,1,63,5,18,0,0,1,13455.195267944571,11698.898838627467
1202,7729,1,30,1,3,0,0,0,4505.594865144067,6550.1943503613975
1203,7735,1,18,5,7,2,0,1,54352.361110737686,22816.745565730133
1204,7739,1,56,3,16,0,2,1,5965.609262067417,9351.106897171137
1205,7739,2,56,3,16,0,2,1,17531.081054750823,9351.106897171137
1206,7758,1,19,1,15,2,0,0,5031.828078511262,12225.142857990617
1207,7771,1,30,4,0,0,0,0,8535.640597556527,8529.192754856402
1208,7776,1,66,3,17,0,1,0,5214.707066343362,9463.996160851364
1209,7779,1,42,3,18,0,2,1,7909.418883102342,9578.2482563326
1210,7785,1,45,4,8,0,1,1,12269.20248447675,9388.58623345996
1211,7804,1,64,5,13,2,1,0,15408.17772363946,24520.137556356232
1212,7805,1,61,1,11,0,0,1,4222.377470871966,7210.185802082461
1213,7819,1,57,4,15,1,0,1,11131.990658389159,14636.153296230952
1214,7827,1,34,4,7,1,1,1,90380.89155925222,13296.4186032912
1215,7831,1,28,5,9,1,1,0,15051.688427111329,15666.030737862866
1216,7832,1,35,2,12,1,3,0,9923.942438288286,10670.625874719184
1217,7837,1,40,1,10,2,0,0,12571.373146566248,11513.205961656337
1218,7838,1,55,5,6,0,0,0,3388.5715810627016,10129.933170151586
1219,7857,1,23,5,3,0,1,0,13939.479070876587,9771.74170621945
1220,7873,1,43,5,9,2,4,1,29710.103264569043,23370.971568751167
1221,7877,1,41,3,11,0,2,1,2838.042871441758,8806.540825510823
1222,7878,1,46,3,13,0,1,0,29098.054553607915,9020.454501679225
1223,7879,1,63,2,18,2,1,0,13064.721231322435,15172.653884675214
1224,7889,1,65,5,0,2,0,2,11336.396972365374,24373.457212091653
1225,7889,2,65,5,0,2,0,2,24896.697547688866,24373.457212091653
1226,7892,1,68,4,15,0,2,2,6186.55117470177,11863.835283529444
1227,7911,1,20,4,7,1,1,2,5476.877387447924,15448.234438953094
1228,7914,1,74,4,4,2,4,1,13603.704455823889,18384.25737617396
1229,7922,1,35,2,18,0,2,0,6573.810069979591,8666.75742156741
1230,7924,1,25,2,4,1,1,1,3505.1637399907204,9693.87963611404
1231,7925,1,25,2,12,1,2,1,5972.024652987576,10670.625874719184
1232,7936,1,27,2,13,0,4,1,3975.1473928705323,8162.044760810268
1233,7937,1,28,4,1,0,0,0,6096.420358367815,8632.159633587491
1234,7949,1,50,1,17,1,2,0,12091.137040317373,9850.229171129473
1235,7971,1,30,5,15,0,2,0,10485.496586345766,11285.229209122972
1236,7974,1,30,2,1,0,1,0,5967.154871511477,7067.414557496434
1237,7986,1,22,1,11,2,0,0,3670.8537389383605,11652.196709800106
1238,7997,1,58,1,0,0,0,1,5348.4041637671435,6318.581400504115
1239,8007,1,41,3,19,2,2,0,8687.590714171356,18384.25737617396
1240,8017,1,41,5,18,0,2,0,3909.537713947123,11698.898838627467
1241,8024,1,27,4,8,1,1,1,18744.93548905971,13456.936809554429
1242,8036,1,43,2,5,0,1,1,3065.5023239931406,7414.923962738238
1243,8046,1,35,5,14,2,2,0,22466.034153247354,24816.151739972494
1244,8065,1,62,3,4,0,2,0,5324.362770453091,8097.008893052415
1245,8067,1,30,1,17,0,1,0,3942.4496735064045,7748.464703900959
1246,8077,1,48,5,3,2,2,0,36568.04043524758,21747.411109848224
1247,8077,2,48,5,3,2,2,0,13436.745616226552,21747.411109848224
1248,8077,3,48,5,3,2,2,0,13948.230039449598,21747.411109848224
1249,8094,1,31,2,19,0,2,1,5032.867787778628,8771.385020692798
1250,8104,1,56,3,16,1,0,0,12194.489625592474,12877.66893536782
1251,8122,1,73,5,3,0,1,1,7694.552016051974,9771.74170621945
1252,8123,1,60,3,18,0,0,0,5597.1305874417585,9578.2482563326
1253,8139,1,68,1,11,0,1,1,3731.466120070545,7210.185802082461
1254,8143,1,40,1,1,0,1,1,5373.656914623374,6394.86114039483
1255,8144,1,54,2,13,0,1,0,4906.311328633269,8162.044760810268
1256,8153,1,42,2,19,0,0,1,19467.108846741736,8771.385020692798
1257,8161,1,27,4,11,0,1,1,6266.915142639812,9732.732809200465
1258,8161,2,27,4,11,0,1,1,10054.73040709369,9732.732809200465
1259,8165,1,34,5,13,0,0,0,9008.913853704738,11017.60800820932
1260,8166,1,59,1,6,0,0,0,4979.065900379103,6790.297268953957
1261,8172,1,70,1,6,1,0,0,12168.715103367027,8632.15963358746
1262,8173,1,34,3,14,1,0,0,14870.048302152583,12572.28415659294
1263,8175,1,19,3,1,1,0,0,12588.378908804163,10756.333254129051
1264,8185,1,50,2,7,1,0,0,11689.483850426335,10049.216999956923
1265,8188,1,28,2,13,1,3,1,3820.336315434724,10799.444752660644
1266,8191,1,29,5,12,0,1,0,11924.781753684701,10886.1868163127
1267,8191,2,29,5,12,0,1,0,8167.5502564482385,10886.1868163127
1268,8196,1,53,2,5,0,1,0,4807.362979879674,7414.923962738238
1269,8203,1,51,5,9,0,0,0,60547.234490139934,10501.254445399993
1270,8213,1,72,2,5,1,2,1,3749.9511202257872,9810.906951314202
1271,8221,1,35,4,16,0,2,0,8452.280624997691,10334.571394570143
1272,8231,1,36,3,1,0,0,0,6110.7058544640995,7810.701034929542
1273,8231,2,36,3,1,0,0,0,6418.684050705898,7810.701034929542
1274,8232,1,33,5,1,1,2,2,8137.977697424426,16535.25422070245
1275,8232,2,33,5,1,1,2,2,16086.915502146714,16535.25422070245
1276,8232,3,33,5,1,1,2,2,7661.306567839896,16535.25422070245
1277,8232,4,33,5,1,1,2,2,16612.99732954812,16535.25422070245
1278,8236,1,67,3,0,0,1,0,7231.081869443532,7717.532750235283
1279,8238,1,36,4,13,1,1,2,12477.79279990498,16601.527696171608
1280,8243,1,49,2,2,1,0,0,7816.839932013046,9463.996160851331
1281,8253,1,20,4,16,0,0,1,21232.181096714245,10334.571394570143
1282,8256,1,45,4,11,1,3,1,16481.233631635994,13950.21221948351
1283,8261,1,54,1,6,2,2,2,12053.98910479838,12749.533988537738
1284,8283,1,18,1,0,1,0,1,8721.125712724584,8032.491236627475
1285,8286,1,19,2,12,0,0,1,7087.72137926693,8064.685547269543
1286,8304,1,48,2,8,0,4,1,8952.508110860677,7686.7242772582385
1287,8307,1,44,1,18,1,0,0,6141.1156678963835,9969.1439830804
1288,8309,1,58,4,18,2,4,0,63062.2414869563,21747.411109848224
1289,8310,1,51,3,8,1,4,0,11151.555662608558,11698.898838627467
1290,8311,1,21,1,15,0,0,0,30775.73733849295,7564.715362982049
1291,8312,1,18,5,15,1,2,0,48982.96771303728,16835.583652712285
1292,8312,2,18,5,15,1,2,0,10969.890712991155,16835.583652712285
1293,8325,1,48,1,12,0,0,1,7156.213950390758,7297.229247863296
1294,8330,1,54,3,2,2,2,0,15757.404441269218,14991.670112492284
1295,8334,1,19,4,11,1,1,0,20041.61280874432,13950.21221948351
1296,8334,2,19,4,11,1,1,0,12889.800630608492,13950.21221948351
1297,8340,1,44,2,15,2,4,1,24435.578958502276,14636.153296230952
1298,8345,1,35,3,17,0,2,2,3592.0574677405953,10995.594812726127
1299,8352,1,49,5,9,0,2,2,7498.895179511965,12200.717006268322
1300,8356,1,74,3,16,0,3,0,7237.327556825223,9351.106897171137
1301,8357,1,71,3,17,1,4,0,7764.73318979355,13033.131874677301
1302,8358,1,55,4,9,1,3,1,4516.192171948948,13619.392837971931
1303,8366,1,57,3,11,2,0,0,23344.671409453254,16701.436288399727
1304,8376,1,25,4,8,1,1,1,6292.812295541719,13456.936809554429
1305,8376,2,25,4,8,1,1,1,7983.452873848024,13456.936809554429
1306,8382,1,22,3,1,2,1,0,19286.667002952356,14812.84516671128
1307,8389,1,69,4,10,0,1,1,16210.389374906037,9616.637977614208
1308,8390,1,33,3,18,2,3,0,11441.004131665286,18164.96467537078
1309,8395,1,23,2,4,0,0,0,3560.9996754345343,7326.47662060374
1310,8396,1,68,2,6,1,0,1,5457.239975125888,9929.347054068665
1311,8397,1,56,2,3,0,2,2,13347.42787221051,8410.616030108484
1312,8404,1,63,5,18,2,1,1,42625.85230708507,26036.378183658442
1313,8407,1,23,2,9,1,2,1,10647.471644744306,10293.315675437725
1314,8412,1,60,5,2,1,0,1,14183.906864115985,14403.838319338069
1315,8412,2,60,5,2,1,0,1,5995.192185257106,14403.838319338069
1316,8414,1,28,4,15,0,0,2,13171.31507377664,11863.835283529444
1317,8420,1,29,4,4,1,1,0,16986.02089703214,12826.261143753285
1318,8422,1,57,5,15,0,0,0,10625.32466122388,11285.229209122972
1319,8436,1,22,5,13,0,1,0,10583.287273172664,11017.60800820932
1320,8454,1,52,5,0,1,0,0,6853.687148844182,14062.26151683315
1321,8456,1,28,4,6,0,1,1,14982.63229905237,9165.942574556786
1322,8460,1,32,2,7,2,3,0,5412.328557220491,13296.4186032912
1323,8461,1,60,5,16,0,2,1,9729.078790282454,11421.467756055408
1324,8463,1,57,4,12,0,0,0,10890.462085479725,9850.22917112949
1325,8482,1,62,2,1,2,4,0,19921.422419985996,12372.728314001351
1326,8486,1,45,1,16,1,0,2,17352.835628592136,11307.822253054122
1327,8489,1,48,5,13,1,0,2,30716.572703061247,19096.302329908765
1328,8489,2,48,5,13,1,0,2,13902.605192668765,19096.302329908765
1329,8509,1,18,2,0,0,1,0,21550.618992256626,6983.112407330842
1330,8510,1,66,5,18,2,1,0,40712.87825954065,26036.378183658442
1331,8543,1,44,4,18,1,0,2,12480.7496785385,17628.10883627998
1332,8548,1,67,4,19,1,1,0,11264.265590666126,15355.822545236037
1333,8549,1,23,4,4,1,0,1,16751.303690662506,12826.261143753285
1334,8560,1,57,5,8,0,1,1,6897.514567171538,10375.992467065327
1335,8560,2,57,5,8,0,1,1,4417.854561874745,10375.992467065327
1336,8564,1,38,5,3,0,1,1,8790.34556688409,9771.74170621945
1337,8587,1,61,1,5,0,2,0,1652.7606730161797,6709.300653377035
1338,8599,1,35,3,2,2,1,0,15694.870231239714,14991.670112492284
1339,8602,1,44,4,19,1,3,0,18748.70638116321,15355.822545236037
1340,8602,2,44,4,19,1,3,0,11403.675860767404,15355.822545236037
1341,8614,1,49,5,5,2,3,2,41876.60679236136,25880.6276334585
1342,8629,1,34,4,18,0,0,0,14539.46097908989,10585.601419007568
1343,8631,1,43,2,8,0,2,1,3772.8657417805384,7686.7242772582385
1344,8637,1,19,5,19,0,0,1,10428.869375491799,11840.131324822405
1345,8664,1,71,1,12,0,0,0,4714.237998017657,7297.229247863296
1346,8666,1,21,2,1,1,1,1,6729.779624900659,9351.106897171121
1347,8681,1,69,1,2,2,2,0,16889.80550949006,10459.333325752485
1348,8681,2,69,1,2,2,2,0,12682.505659925617,10459.333325752485
1349,8682,1,25,1,12,0,0,0,4227.425006290727,7297.229247863296
1350,8686,1,50,5,8,0,1,0,10090.012290878418,10375.992467065327
1351,8700,1,65,1,17,0,1,0,4395.622930692259,7748.464703900959
1352,8702,1,28,4,0,0,4,0,5616.074841154582,8529.192754856402
1353,8702,2,28,4,0,0,4,0,17095.148605575563,8529.192754856402
1354,8717,1,57,3,2,0,3,0,27578.61107563019,7904.994074069774
1355,8720,1,60,1,9,0,0,1,16098.160689997098,7039.201363272482
1356,8741,1,20,2,17,2,0,2,17440.754069506067,17417.835692379715
1357,8745,1,41,1,16,1,0,0,9257.387028015419,9732.732809200448
1358,8749,1,71,3,4,0,1,1,12193.591533417262,8097.008893052415
1359,8751,1,29,5,10,2,1,0,21500.563939793665,23653.112688609992
1360,8766,1,30,3,14,2,2,1,6793.8846360671905,17313.641573165245
1361,8766,2,30,3,14,2,2,1,40474.22614136348,17313.641573165245
1362,8772,1,70,3,12,0,4,2,4631.9571183636535,10355.261220288401
1363,8773,1,46,5,15,0,4,1,18850.770634976456,11285.229209122972
1364,8785,1,33,2,13,1,0,1,14099.46508913885,10799.444752660644
1365,8787,1,32,1,11,1,1,0,21914.270376575,9165.94257455677
1366,8790,1,38,4,14,0,1,0,13938.184466749768,10089.49436899169
1367,8812,1,51,4,17,1,1,1,9327.157265914595,14991.670112492284
1368,8815,1,45,4,16,1,4,0,23131.125682947568,14812.845166711255
1369,8816,1,39,1,12,0,1,1,5136.650459823403,7297.229247863296
1370,8817,1,39,2,13,1,2,0,5422.90673309671,10799.444752660644
1371,8836,1,18,4,14,0,0,1,3167.423874415731,10089.49436899169
1372,8837,1,34,4,12,0,0,0,7910.82809374398,9850.22917112949
1373,8850,1,51,4,4,0,0,0,3038.9156636926,8948.578752001418
1374,8864,1,69,2,13,1,4,0,20457.605517385007,10799.444752660644
1375,8876,1,31,4,13,2,1,2,8621.351430707507,23795.45797356095
1376,8878,1,34,3,7,2,0,0,11102.919352038478,15918.703219196097
1377,8879,1,37,3,18,1,0,0,9419.001249401848,13190.471607498073
1378,8884,1,35,5,12,0,0,1,10284.98262715691,10886.1868163127
1379,8884,2,35,5,12,0,0,1,5807.955246374245,10886.1868163127
1380,8896,1,45,3,13,1,1,0,19932.776992063886,12422.318341191714
1381,8900,1,19,2,14,0,3,2,9024.521673174133,9597.423922119153
1382,8904,1,73,2,18,2,0,0,12916.689214133266,15172.653884675214
1383,8913,1,56,3,12,1,1,0,7378.64844049824,12274.141361097467
1384,8919,1,58,2,6,0,2,1,8728.209922158114,7504.439066736405
1385,8922,1,41,5,13,2,2,0,45456.39985004149,24520.137556356232
1386,8925,1,38,1,19,0,1,2,34899.777932139536,9221.10354743996
1387,8929,1,55,2,0,2,0,1,6262.806944011083,12225.142857990617
1388,8938,1,74,3,6,0,1,1,6613.89847950667,8293.687813027842
1389,8941,1,23,3,4,1,0,1,3358.023787289476,11150.61575469762
1390,8950,1,46,2,8,1,2,0,12707.012384686705,10170.534050458307
1391,8952,1,55,5,15,0,1,0,4578.422667860286,11285.229209122972
1392,8954,1,48,3,9,2,1,0,16309.370486734571,16305.373580796846
1393,8958,1,65,2,0,1,2,1,15665.002732051602,9239.564209042877
1394,8969,1,40,4,4,1,1,0,8790.440061890766,12826.261143753285
1395,8969,2,40,4,4,1,1,0,6603.299575554295,12826.261143753285
1396,8971,1,53,5,6,2,1,2,46488.526483068264,26193.066046284974
1397,8973,1,36,5,8,1,0,0,19670.60249294021,15479.16182490781
1398,8984,1,66,5,14,2,2,0,11459.989216677563,24816.151739972494
1399,8988,1,24,3,17,0,0,0,8785.444518319317,9463.996160851364
1400,8991,1,18,1,8,1,1,1,4752.660196984189,8841.837535169898
1401,8995,1,19,4,3,2,0,1,27981.861631202828,18164.96467537078
1402,9004,1,43,4,18,0,1,0,9736.3694598128,10585.601419007568
1403,9013,1,63,3,13,2,1,0,34071.96837391223,17107.119485074934
1404,9015,1,67,4,9,1,0,0,7013.860725947357,13619.392837971931
1405,9017,1,39,3,12,2,4,0,16463.50267982339,16903.060851751692
1406,9017,2,39,3,12,2,4,0,14432.862363282653,16903.060851751692
1407,9018,1,61,4,12,0,0,0,9740.847533333505,9850.22917112949
1408,9031,1,31,3,2,1,0,0,6853.538915017704,10886.18681631268
1409,9033,1,54,5,5,1,0,2,4324.06132582809,17348.303506691103
1410,9035,1,67,3,7,1,0,0,14436.14112312231,11559.351014081087
1411,9043,1,48,5,5,1,1,2,15359.517725055672,17348.303506691103
1412,9051,1,19,5,10,0,3,0,5783.674175823741,10628.02862252103
1413,9051,2,19,5,10,0,3,0,6932.707106091893,10628.02862252103
1414,9054,1,59,3,18,0,2,0,4328.163639107688,9578.2482563326
1415,9057,1,65,3,5,0,0,1,2534.917064739874,8194.75832336055
1416,9064,1,36,4,1,0,0,0,13138.422906689026,8632.159633587491
1417,9069,1,46,1,18,0,1,1,9231.429513341556,7842.006408075048
1418,9070,1,46,5,18,1,2,1,7135.077767417829,17452.706222671204
1419,9078,1,26,4,19,0,0,1,36923.38471354111,10713.393857158993
1420,9081,1,70,1,15,1,0,0,4448.18922675047,9616.637977614191
1421,9088,1,46,3,17,1,2,0,16597.695682882884,13033.131874677301
1422,9095,1,29,5,10,0,1,0,9155.007974182026,10628.02862252103
1423,9098,1,59,3,1,0,3,1,3352.2037978791036,7810.701034929542
1424,9131,1,50,5,1,2,0,0,22121.890332097555,21231.686690775234
1425,9133,1,73,3,0,2,0,0,11367.986692538725,14636.153296230978
1426,9134,1,61,2,13,0,1,1,4942.697666104815,8162.044760810268
1427,9140,1,50,4,19,2,0,0,39086.52525924658,22009.95213885567
1428,9151,1,65,1,2,0,0,2,9110.10938112515,7519.4629637589405
1429,9166,1,66,2,9,0,0,1,9932.440371623912,7779.520633167196
1430,9169,1,56,5,9,0,0,1,8019.258966651003,10501.254445399993
1431,9179,1,28,5,2,2,3,0,22419.422746151744,21488.001745620302
1432,9183,1,67,3,8,0,4,1,7195.539644588857,8495.144126491869
1433,9183,2,67,3,8,0,4,1,9610.054002614826,8495.144126491869
1434,9186,1,59,5,15,0,1,1,5685.405285279297,11285.229209122972
1435,9197,1,70,4,12,2,0,0,4713.589546029775,20236.63794162165
1436,9217,1,58,3,8,0,2,0,15396.16023962954,8495.144126491869
1437,9217,2,58,3,8,0,2,0,7243.699613648365,8495.144126491869
1438,9218,1,24,5,14,1,0,1,19583.672034173276,16634.76397676574
1439,9219,1,24,2,14,0,3,1,4873.423491285483,8260.579322900616
1440,9220,1,73,2,19,1,0,1,8821.384834607055,11605.68101636866
1441,9238,1,43,3,8,2,0,0,31957.782141544827,16110.878402831602
1442,9238,2,43,3,8,2,0,0,16917.86385035449,16110.878402831602
1443,9245,1,60,2,1,0,2,0,20426.52032516247,7067.414557496434
1444,9249,1,46,4,17,1,0,0,21044.05306149294,14991.670112492284
1445,9257,1,45,2,3,0,0,1,4309.242066345061,7239.084303762823
1446,9285,1,18,5,9,0,1,0,11509.14369434571,10501.254445399993
1447,9298,1,35,2,17,2,3,1,32508.87376693539,14991.670112492284
1448,9308,1,25,4,12,2,0,0,19636.58209035883,20236.63794162165
1449,9312,1,67,5,2,2,0,2,30606.86465322716,24965.496235866798
1450,9331,1,23,5,12,0,2,0,20353.891451394422,10886.1868163127
1451,9332,1,41,4,9,2,3,0,4619.341101518514,19521.07636311762
1452,9337,1,40,2,18,0,2,0,10956.760028047607,8666.75742156741
1453,9337,2,40,2,18,0,2,0,15626.869759038158,8666.75742156741
1454,9338,1,67,5,2,1,0,0,8118.0932903949215,14403.838319338069
1455,9340,1,33,5,4,1,0,1,22536.923250270047,14753.712130959919
1456,9343,1,43,2,12,2,0,0,12102.203093587672,14118.62321114021
1457,9351,1,56,3,6,1,1,0,3871.30031447292,11421.467756055386
1458,9367,1,37,5,9,0,2,0,13944.487539690466,10501.254445399993
1459,9372,1,37,1,18,0,0,0,6705.9241644255835,7842.006408075048
1460,9384,1,31,1,1,0,0,0,5276.9503104449095,6394.86114039483
1461,9386,1,59,4,14,0,2,1,12374.10868557515,10089.49436899169
1462,9387,1,63,4,6,0,0,1,4674.821436931707,9165.942574556786
1463,9387,2,63,4,6,0,0,1,12046.066326385564,9165.942574556786
1464,9389,1,42,5,17,0,1,2,6990.154028072632,13430.049831875338
1465,9394,1,40,3,3,2,1,0,29974.030693380417,15172.653884675241
1466,9396,1,45,3,16,1,3,0,20712.13086689396,12877.66893536782
1467,9397,1,31,1,18,0,1,2,18247.51684681373,9111.11157659622
1468,9404,1,43,1,13,1,3,0,10418.459540253416,9388.586233459944
1469,9405,1,61,2,10,0,2,0,5361.2821054896285,7873.437253490392
1470,9408,1,39,2,0,0,1,1,4038.071218327543,6983.112407330842
1471,9415,1,46,3,9,1,4,1,6625.503163525279,11840.131324822405
1472,9425,1,32,1,6,0,0,0,5308.548013240974,6790.297268953957
1473,9426,1,52,5,18,1,1,1,10285.863847942399,17452.706222671204
1474,9427,1,42,3,14,0,0,0,9383.16674777217,9129.352034126798
1475,9432,1,29,3,0,0,1,2,4949.493153184866,8966.493818600338
1476,9446,1,33,3,14,0,1,1,5573.616303595055,9129.352034126798
1477,9463,1,40,1,15,0,3,1,5273.83303348126,7564.715362982049
1478,9465,1,25,4,19,0,1,1,6009.575965861755,10713.393857158993
1479,9469,1,68,1,3,0,3,0,4664.7562630318835,6550.1943503613975
1480,9477,1,37,2,15,1,2,0,13109.708668730527,11061.766698744965
1481,9478,1,25,4,6,1,2,1,6945.530402119953,13137.815104283169
1482,9479,1,34,2,11,2,2,1,6185.3070426547965,13950.21221948351
1483,9479,2,34,2,11,2,2,1,10872.326814551996,13950.21221948351
1484,9484,1,30,2,10,0,4,1,3617.15914743763,7873.437253490392
1485,9487,1,38,5,6,2,0,0,40422.21955705841,22544.58087306582
1486,9488,1,34,4,10,1,1,0,8068.608646391331,13783.8100824925
1487,9495,1,51,5,7,1,2,2,15684.866751331403,17769.6993137316
1488,9506,1,38,2,7,2,1,0,14671.964663107085,13296.4186032912
1489,9514,1,41,4,5,1,3,0,5573.849413830055,12981.10347335243
1490,9539,1,49,3,15,0,1,0,4991.073698190907,9239.564209042896
1491,9548,1,43,3,5,0,3,1,4981.534984622353,8194.75832336055
1492,9550,1,18,4,16,2,1,1,28067.50258566461,21231.686690775234
1493,9560,1,55,5,0,0,4,0,22188.94026116028,9426.215787328809
1494,9565,1,70,2,13,1,0,1,25764.759496862316,10799.444752660644
1495,9567,1,30,4,14,1,2,0,25042.231230748308,14461.5690571167
1496,9587,1,71,5,19,0,1,2,5978.940690673934,13756.270011578466
1497,9600,1,61,3,12,0,0,0,4731.316372960968,8912.8559302673
1498,9619,1,41,2,6,0,0,1,13837.044559755093,7504.439066736405
1499,9622,1,47,2,18,0,1,0,17241.153231513905,8666.75742156741
1500,9622,2,47,2,18,0,1,0,11540.794524221998,8666.75742156741
1501,9627,1,40,4,11,1,2,0,18679.634505294987,13950.21221948351
1502,9630,1,42,5,1,0,0,0,6477.019275857629,9540.01178722743
1503,9647,1,39,4,7,0,0,0,20493.756617005685,9276.59648104672
1504,9651,1,34,3,7,2,3,1,9153.81762539029,15918.703219196097
1505,9654,1,28,5,16,0,0,1,4048.9224277835874,11421.467756055408
1506,9663,1,23,1,15,0,0,1,10104.26301750872,7564.715362982049
1507,9663,2,23,1,15,0,0,1,4719.559998893977,7564.715362982049
1508,9667,1,52,5,1,0,0,1,4014.9844628692417,9540.01178722743
1509,9683,1,43,5,8,0,0,0,14456.5398146849,10375.992467065327
1510,9684,1,42,2,8,1,0,0,3198.52613991514,10170.534050458307
1511,9693,1,51,5,15,0,0,0,12455.030185134381,11285.229209122972
1512,9706,1,63,2,13,0,0,2,6376.405659855925,9482.94309379035
1513,9706,2,63,2,13,0,0,2,19668.019695155195,9482.94309379035
1514,9709,1,67,3,8,1,1,1,12932.663853637125,11698.898838627467
1515,9711,1,25,3,12,2,2,1,26228.731560810804,16903.060851751692
1516,9712,1,72,1,12,2,3,2,6487.23967137906,13701.354835105321
1517,9714,1,44,4,12,2,2,1,6851.7822165359785,20236.63794162165
1518,9720,1,33,3,9,0,0,0,6055.613458242914,8597.699960345846
1519,9732,1,24,3,2,2,1,0,18041.82486860205,14991.670112492284
1520,9735,1,40,2,13,0,2,1,7296.900770869593,8162.044760810268
1521,9745,1,47,2,8,0,2,1,12443.103324573493,7686.7242772582385
1522,9768,1,37,2,2,2,4,0,14538.18129654153,12522.09546426946
1523,9774,1,24,4,11,0,2,0,4697.6365077756745,9732.732809200465
1524,9784,1,33,3,7,0,2,0,9316.610369421976,8393.811608071786
1525,9785,1,44,1,12,1,0,2,10183.9424806237,10777.867447652758
1526,9787,1,47,4,7,0,1,1,16041.802538540365,9276.59648104672
1527,9791,1,29,5,7,1,0,0,7900.515295508432,15294.521938003658
1528,9802,1,46,2,16,0,0,0,5050.361190762021,8461.231420614573
1529,9806,1,28,4,1,2,3,1,18964.012996096255,17734.195430821725
1530,9826,1,40,5,12,0,1,0,20365.194467485115,10886.1868163127
1531,9840,1,41,5,9,0,3,0,8089.826954272326,10501.254445399993
1532,9843,1,55,4,17,1,1,1,17891.700749505813,14991.670112492284
1533,9845,1,59,3,3,1,1,1,9656.362877201394,11017.6080082093
1534,9850,1,45,1,2,0,1,0,5435.228534267092,6472.061751340123
1535,9870,1,53,5,18,0,0,0,18949.590163117755,11698.898838627467
1536,9884,1,21,2,18,2,0,1,13855.310207917799,15172.653884675214
1537,9894,1,51,5,0,2,0,0,14137.58804727303,20978.42903550213
1538,9906,1,31,5,9,2,1,2,17713.32627908347,27153.19505440426
1539,9908,1,73,3,6,1,2,0,8292.464587275479,11421.467756055386
1540,9917,1,22,1,9,1,0,1,5257.32035376229,8948.578752001402
1541,9920,1,58,2,5,0,0,1,5592.291311019391,7414.923962738238
1542,9929,1,30,4,6,0,0,0,8138.527241878808,9165.942574556786
1543,9934,1,39,2,15,2,1,1,14731.007144265284,14636.153296230952
1544,9940,1,53,3,19,0,1,1,4847.0891460148505,9693.879636114058
1545,9942,1,53,4,14,1,0,0,9864.413437540428,14461.5690571167
1546,9951,1,41,5,8,0,1,0,7270.574806058316,10375.992467065327
1547,9963,1,61,4,9,1,2,0,7693.73712509556,13619.392837971931
1548,9967,1,63,2,15,0,3,0,5225.597768548235,8360.303422687824
1549,9969,1,31,5,16,2,0,0,35860.88812792301,25418.94395455835
1550,9971,1,29,4,14,0,3,0,18364.82689412447,10089.49436899169
1551,9976,1,28,5,6,2,1,1,16314.982517412422,22544.58087306582
1552,9987,1,45,3,10,1,1,0,6967.04857495245,11983.06881038794
1553,9990,1,51,2,15,0,4,2,7984.8670765797815,9713.286796077185
1554,9996,1,44,1,2,0,1,0,5827.608832306645,6472.061751340123
